AVG,OBP,SLG,OPS,HR,RBI,SB,BB,SO,H,player,team,PA,target_year,age,data_years
0.264,0.325,0.322,0.647,2.2,36.1,14.2,47.7,95.1,145.3,中野　拓夢,阪神,637,2026,29,3
0.289,0.342,0.369,0.696,3.9,29.7,12.7,40.8,72.9,144.3,岡林　勇希,中日,577,2026,24,3
0.26,0.352,0.395,0.752,14.2,70.0,4.0,68.4,100.8,133.4,大山　悠輔,阪神,582,2026,31,3
0.257,0.336,0.409,0.768,7.4,32.8,2.0,26.8,43.9,64.8,柳田　悠岐,ソフトバンク,264,2026,37,3
0.287,0.398,0.478,0.885,15.4,58.6,4.8,69.6,75.0,112.7,近藤　健介,ソフトバンク,460,2026,32,3
0.262,0.314,0.383,0.702,11.9,63.7,1.3,38.0,69.2,142.3,佐野　恵太,DeNA,579,2026,31,3
0.287,0.338,0.48,0.812,19.5,66.2,5.7,28.7,76.2,130.1,牧　秀悟,DeNA,501,2026,27,3
0.236,0.328,0.376,0.721,13.9,51.8,2.3,58.2,94.3,108.7,浅村　栄斗,楽天,496,2026,35,3
0.262,0.374,0.5,0.865,24.2,63.6,6.3,63.8,120.5,94.7,村上　宗隆,ヤクルト,446,2026,26,3
0.284,0.367,0.518,0.885,22.5,66.0,1.8,50.3,76.5,116.8,岡本　和真,巨人,473,2026,29,3
0.228,0.306,0.298,0.626,3.4,29.8,1.5,39.4,47.9,85.9,中村　晃,ソフトバンク,394,2026,36,3
0.272,0.348,0.366,0.719,6.0,44.2,24.3,61.8,89.9,153.5,近本　光司,阪神,625,2026,31,3
0.217,0.293,0.315,0.62,4.8,23.4,2.2,27.0,53.1,64.0,中村　奨吾,ロッテ,317,2026,33,3
0.259,0.322,0.438,0.748,18.8,59.1,3.3,40.6,122.1,117.7,万波　中正,日本ハム,525,2026,25,3
0.272,0.354,0.462,0.811,19.9,62.6,1.9,54.5,132.2,122.0,細川　成也,中日,522,2026,27,3
0.229,0.305,0.338,0.655,7.6,41.3,11.7,43.5,88.3,101.9,外崎　修汰,西武,482,2026,33,3
0.265,0.312,0.395,0.708,8.4,40.0,6.3,24.7,56.1,99.9,中川　圭太,オリックス,411,2026,29,3
0.233,0.292,0.296,0.598,2.2,20.0,9.8,25.0,47.8,82.4,松本　剛,日本ハム,379,2026,32,3
0.233,0.307,0.3,0.609,3.6,25.7,26.1,41.0,77.8,94.0,小深田　大翔,楽天,460,2026,30,3
0.273,0.34,0.498,0.832,25.2,82.4,6.3,47.8,140.4,132.6,佐藤　輝明,阪神,551,2026,27,3
0.245,0.299,0.385,0.696,16.2,66.6,3.1,40.0,85.6,134.6,オスナ,ヤクルト,570,2026,33,3
0.245,0.299,0.323,0.625,1.8,11.8,3.2,11.9,25.7,42.6,関根　大気,DeNA,190,2026,30,3
0.283,0.356,0.436,0.798,10.5,43.5,2.4,37.9,86.0,99.9,サンタナ,ヤクルト,390,2026,31,3
0.235,0.295,0.326,0.627,4.8,27.7,2.0,23.0,49.9,67.2,ノイジー,阪神,306,2026,31,2
0.248,0.313,0.376,0.695,12.4,47.4,3.9,43.3,93.5,117.6,マキノン,西武,514,2026,31,1
0.223,0.293,0.4,0.708,14.0,40.9,1.1,31.1,65.9,73.3,ポランコ,ロッテ,344,2026,34,3
0.264,0.335,0.379,0.714,7.7,43.3,16.4,40.5,97.9,116.7,辰己　涼介,楽天,499,2026,29,3
0.224,0.266,0.285,0.583,1.2,11.9,3.3,10.3,26.3,49.5,大島　洋平,中日,206,2026,40,3
0.242,0.306,0.367,0.685,5.8,25.9,1.1,21.2,57.0,60.7,大城　卓三,巨人,271,2026,33,3
0.272,0.315,0.353,0.653,3.7,34.2,3.4,22.3,53.0,103.1,長岡　秀樹,ヤクルト,434,2026,24,3
0.228,0.271,0.32,0.612,6.3,32.4,4.9,24.0,72.0,101.6,菊池　涼介,広島,449,2026,36,3
0.241,0.301,0.35,0.666,5.4,30.5,2.2,27.1,56.8,84.5,今宮　健太,ソフトバンク,376,2026,34,3
0.249,0.299,0.331,0.654,3.6,23.9,4.3,23.3,65.2,95.5,秋山　翔吾,広島,382,2026,37,3
0.272,0.328,0.372,0.685,6.8,40.5,2.4,34.1,68.7,111.3,紅林　弘太郎,オリックス,481,2026,24,3
0.258,0.315,0.362,0.686,6.2,29.4,7.3,25.6,57.1,98.2,桑原　将志,DeNA,413,2026,32,3
0.265,0.326,0.358,0.69,5.4,38.6,8.2,37.2,68.5,123.5,吉川　尚輝,巨人,510,2026,31,3
0.24,0.302,0.324,0.626,4.0,26.3,3.2,25.2,50.0,83.8,宗　佑磨,オリックス,388,2026,29,3
0.247,0.307,0.382,0.676,6.1,25.7,1.5,16.2,51.8,48.2,山口　航輝,ロッテ,226,2026,25,3
0.259,0.32,0.386,0.694,6.9,28.2,2.7,23.6,65.1,72.7,野村　佑希,日本ハム,323,2026,25,3
0.25,0.315,0.337,0.643,3.1,26.5,1.8,26.1,65.4,69.5,安田　尚憲,ロッテ,322,2026,26,3
0.226,0.288,0.297,0.591,1.8,28.4,1.7,23.7,66.3,69.3,木浪　聖也,阪神,338,2026,31,3
0.257,0.305,0.378,0.668,4.8,21.3,1.0,13.6,42.1,53.4,石川　昂弥,中日,239,2026,24,3
0.26,0.33,0.409,0.763,11.2,49.4,1.7,37.5,45.8,105.9,宮﨑　敏郎,DeNA,418,2026,37,3
0.225,0.285,0.363,0.672,8.3,33.8,1.8,25.5,61.7,73.5,坂本　勇人,巨人,328,2026,37,3
0.26,0.348,0.397,0.749,7.5,35.5,3.5,37.4,52.2,78.5,森　友哉,オリックス,345,2026,30,3
0.252,0.325,0.384,0.709,10.9,43.2,1.5,37.3,72.0,96.1,頓宮　裕真,オリックス,428,2026,29,3
0.264,0.334,0.392,0.72,8.8,40.3,3.0,38.4,74.9,99.4,坂倉　将吾,広島,432,2026,27,3
0.224,0.308,0.375,0.694,7.7,35.4,1.6,26.9,65.4,61.0,マルティネス,日本ハム,294,2026,33,3
0.275,0.314,0.378,0.698,6.9,44.9,7.0,23.9,73.4,122.4,西川　龍馬,オリックス,467,2026,31,3
0.243,0.313,0.352,0.665,5.9,33.8,16.0,36.5,82.3,87.1,小郷　裕哉,楽天,405,2026,29,3
0.274,0.328,0.384,0.694,2.8,12.5,1.1,9.9,29.6,35.2,秋広　優人,巨人,150,2026,23,3
0.233,0.285,0.304,0.601,2.3,24.1,8.2,28.5,73.1,99.6,源田　壮亮,西武,452,2026,33,3
0.242,0.317,0.372,0.71,11.0,37.9,5.9,46.1,73.2,107.3,丸　佳浩,巨人,460,2026,36,3
0.221,0.293,0.378,0.682,11.9,37.4,3.2,34.0,79.0,81.4,山田　哲人,ヤクルト,391,2026,33,3
0.23,0.294,0.338,0.644,5.9,32.6,2.4,27.0,78.7,72.8,甲斐　拓也,巨人,340,2026,33,3
0.253,0.319,0.319,0.651,1.6,23.4,4.7,25.9,46.8,76.2,野間　峻祥,広島,321,2026,33,3
0.277,0.346,0.42,0.758,11.7,51.5,4.6,41.0,75.5,108.7,清宮　幸太郎,日本ハム,454,2026,26,3
0.23,0.296,0.332,0.65,2.1,12.2,1.3,11.0,23.2,29.8,岡島　豪郎,楽天,134,2026,36,3
0.223,0.291,0.385,0.7,14.4,55.8,1.2,36.0,105.4,96.4,ソト,ロッテ,433,2026,37,3
0.261,0.33,0.418,0.748,12.2,54.0,2.1,38.4,81.3,99.9,栗原　陵矢,ソフトバンク,434,2026,29,3
0.267,0.295,0.36,0.667,3.9,32.5,7.3,12.2,59.2,95.2,牧原　大成,ソフトバンク,368,2026,33,3
0.211,0.273,0.372,0.663,12.7,38.2,2.9,24.8,95.3,79.1,デビッドソン,広島,381,2026,35,1
0.25,0.338,0.345,0.692,4.2,26.9,2.9,42.3,65.1,82.5,藤岡　裕大,ロッテ,373,2026,32,3
0.277,0.354,0.439,0.781,16.1,67.5,3.2,45.9,82.5,123.5,森下　翔太,阪神,528,2026,25,3
0.218,0.296,0.284,0.598,2.4,21.9,1.4,26.1,48.2,60.7,中村　悠平,ヤクルト,304,2026,35,3
0.276,0.358,0.372,0.727,4.4,40.7,2.5,41.5,89.0,91.7,柳町　達,ソフトバンク,388,2026,28,3
0.259,0.34,0.383,0.738,5.0,26.7,7.7,28.6,52.2,73.5,岡　大海,ロッテ,308,2026,34,3
0.234,0.298,0.394,0.707,12.6,39.1,1.7,25.7,89.3,80.8,杉本　裕太郎,オリックス,362,2026,34,3
0.211,0.289,0.302,0.612,2.1,13.2,1.2,13.9,21.3,30.2,島内　宏明,楽天,148,2026,36,3
0.275,0.337,0.368,0.694,3.8,24.2,8.1,26.6,66.5,86.7,藤原　恭大,ロッテ,367,2026,25,3
0.257,0.316,0.32,0.625,1.9,16.8,7.3,21.1,50.5,64.2,門脇　誠,巨人,295,2026,25,3
0.222,0.285,0.324,0.632,2.6,10.2,0.9,10.0,19.5,31.0,ビシエド,DeNA,140,2026,37,3
0.23,0.306,0.288,0.594,1.4,14.1,2.7,17.9,33.5,44.2,上川畑　大悟,日本ハム,222,2026,29,3
0.252,0.307,0.324,0.622,1.0,8.5,2.6,6.4,22.1,24.2,茶野　篤政,オリックス,110,2026,26,3
0.263,0.304,0.331,0.632,4.6,45.5,7.0,26.0,88.1,119.6,村林　一輝,楽天,507,2026,28,3
0.221,0.27,0.336,0.619,7.8,30.1,1.1,19.3,56.9,66.1,フランコ,楽天,309,2026,33,3
0.264,0.321,0.369,0.69,3.3,17.1,3.5,16.1,48.2,56.8,福永　裕基,中日,239,2026,29,3
0.197,0.27,0.36,0.668,6.3,18.1,1.4,16.6,44.8,41.0,中村　剛也,西武,195,2026,42,3
0.201,0.246,0.317,0.587,4.4,17.4,1.3,9.1,39.1,39.4,ゴンザレス,楽天,189,2026,37,3
0.245,0.289,0.346,0.638,5.2,24.6,2.2,16.3,62.4,77.5,若月　健矢,オリックス,346,2026,30,3
0.251,0.305,0.338,0.637,2.1,14.3,9.5,11.9,30.4,39.6,三森　大貴,DeNA,177,2026,27,3
0.224,0.282,0.32,0.617,3.2,14.2,1.0,14.0,32.9,42.3,木下　拓哉,中日,197,2026,34,3
0.223,0.3,0.32,0.623,1.7,10.1,3.6,12.1,25.4,26.8,山﨑　剛,楽天,135,2026,30,2
0.299,0.348,0.382,0.717,4.3,47.0,10.7,31.1,54.9,134.2,小園　海斗,広島,511,2026,25,3
0.235,0.286,0.308,0.576,1.6,11.2,1.9,9.2,30.4,30.5,龍空,中日,156,2026,23,2
0.248,0.304,0.318,0.61,2.4,19.4,2.7,18.7,55.4,61.3,村松　開人,中日,293,2026,25,3
0.242,0.287,0.378,0.672,7.6,29.3,2.9,16.1,62.0,67.4,ブリンソン,巨人,294,2026,31,1
0.231,0.302,0.322,0.644,3.9,29.1,1.4,19.9,41.0,68.4,鈴木　大地,楽天,309,2026,36,3
0.233,0.289,0.322,0.636,1.9,10.5,1.5,8.9,23.7,31.3,梶谷　隆幸,巨人,134,2026,37,2
0.23,0.31,0.297,0.616,2.0,22.1,1.8,28.9,64.6,64.9,坂本　誠志郎,阪神,317,2026,32,3
0.211,0.263,0.348,0.632,4.9,16.9,0.9,11.1,32.7,37.3,中田　翔,中日,176,2026,36,3
0.229,0.284,0.293,0.583,1.9,18.1,2.6,15.2,46.8,50.5,京田　陽太,DeNA,238,2026,31,3
0.227,0.281,0.343,0.639,3.6,16.3,1.1,13.1,45.4,42.3,堂林　翔太,広島,194,2026,34,3
0.24,0.309,0.33,0.629,4.6,19.7,1.6,24.7,58.1,61.1,古賀　悠斗,西武,300,2026,26,3
0.248,0.309,0.346,0.652,4.6,27.7,3.1,22.7,49.0,68.5,佐藤　都志也,ロッテ,314,2026,28,3
0.243,0.303,0.369,0.66,2.6,10.0,1.4,7.9,26.0,25.5,濱田　太貴,ヤクルト,122,2026,25,3
0.221,0.278,0.289,0.585,1.1,8.6,2.0,7.0,23.6,27.9,上本　崇司,広島,131,2026,35,3
0.267,0.328,0.384,0.694,4.9,26.8,4.3,21.7,44.2,63.1,内山　壮真,ヤクルト,281,2026,23,3
0.264,0.327,0.34,0.67,3.3,29.3,31.1,29.1,74.8,96.8,周東　佑京,ソフトバンク,405,2026,30,3
0.227,0.272,0.327,0.596,1.4,6.9,1.0,4.7,19.7,20.6,愛斗,ロッテ,100,2026,28,3
0.244,0.297,0.323,0.614,1.4,11.2,3.5,9.8,25.2,33.8,鈴木　将平,西武,158,2026,27,2
0.201,0.279,0.286,0.61,2.2,14.6,2.4,18.2,28.2,40.2,青木　宣親,ヤクルト,187,2026,44,2
0.225,0.295,0.344,0.651,5.1,25.6,2.7,22.4,51.6,54.7,マクブルーム,広島,259,2026,33,1
0.244,0.33,0.362,0.692,3.3,17.1,1.6,22.7,41.2,44.4,佐藤　龍世,中日,211,2026,29,3
0.229,0.306,0.347,0.644,1.5,7.5,1.2,7.7,23.3,19.8,野口　智哉,オリックス,101,2026,26,3
0.197,0.277,0.298,0.596,2.1,9.7,1.2,10.9,22.9,22.8,田中　広輔,広島,118,2026,36,3
0.217,0.297,0.364,0.683,4.7,19.1,1.3,19.9,41.1,42.1,阿部　寿樹,楽天,202,2026,36,3
0.217,0.264,0.29,0.572,2.2,15.4,1.0,9.8,34.6,41.7,伏見　寅威,日本ハム,197,2026,35,3
0.205,0.277,0.262,0.553,1.4,13.2,2.1,18.8,50.4,43.0,梅野　隆太郎,阪神,224,2026,34,3
0.234,0.307,0.371,0.704,3.3,16.5,1.3,14.5,27.8,35.8,角中　勝也,ロッテ,155,2026,38,3
0.213,0.292,0.305,0.597,2.5,17.5,1.7,19.8,49.3,43.6,太田　光,楽天,244,2026,29,3
0.217,0.27,0.282,0.579,1.4,11.3,1.7,10.0,23.0,33.4,大和,DeNA,152,2026,38,2
0.251,0.31,0.343,0.662,2.0,10.2,0.8,9.5,27.3,30.2,宇佐見　真吾,中日,128,2026,32,3
0.221,0.278,0.331,0.624,4.3,20.3,2.5,15.5,43.7,47.9,ペイトン,西武,225,2026,34,1
0.243,0.294,0.319,0.602,1.5,11.3,1.5,8.5,27.3,31.0,蛭間　拓哉,西武,148,2026,25,3
0.221,0.287,0.323,0.615,2.4,9.6,1.7,10.0,23.2,26.8,加藤　豪将,日本ハム,131,2026,31,2
0.242,0.298,0.357,0.654,2.5,11.3,1.8,9.8,33.8,32.5,伊藤　裕季也,楽天,150,2026,29,3
0.204,0.262,0.287,0.555,1.5,10.7,0.8,8.4,23.0,23.1,田村　龍弘,ロッテ,125,2026,31,3
0.242,0.286,0.302,0.576,1.6,16.8,7.8,16.3,47.6,64.6,友杉　篤輝,ロッテ,316,2026,25,3
0.226,0.292,0.344,0.629,2.2,10.0,1.3,7.9,27.4,22.2,渡部　健人,西武,111,2026,27,2
0.257,0.323,0.393,0.725,3.9,15.4,2.2,12.2,27.7,36.7,塩見　泰隆,ヤクルト,154,2026,32,2
0.256,0.313,0.339,0.649,1.7,16.1,2.0,13.4,31.9,43.5,川瀬　晃,ソフトバンク,197,2026,28,3
0.233,0.282,0.317,0.594,1.5,12.8,15.3,12.2,50.3,46.0,五十幡　亮汰,日本ハム,222,2026,27,3
0.223,0.278,0.306,0.617,2.2,17.2,1.6,12.5,26.2,48.6,荻野　貴司,ロッテ,209,2026,40,2
0.276,0.326,0.376,0.697,4.2,32.2,1.4,21.0,42.6,79.0,山本　祐大,DeNA,328,2026,27,3
0.24,0.306,0.336,0.624,4.5,22.2,7.1,22.8,48.9,62.7,長谷川　信哉,西武,317,2026,23,3
0.224,0.277,0.327,0.604,2.8,12.4,2.2,9.4,28.1,33.9,岸　潤一郎,西武,166,2026,29,3
0.24,0.288,0.325,0.601,1.6,9.3,2.3,7.5,34.3,29.3,奈良間　大己,日本ハム,142,2026,25,3
0.189,0.282,0.302,0.622,2.0,9.0,0.9,12.3,19.5,21.3,栗山　巧,西武,109,2026,42,3
0.247,0.298,0.323,0.617,0.8,6.1,0.9,5.5,16.5,19.6,茶谷　健太,ロッテ,89,2026,28,3
0.252,0.306,0.399,0.699,8.6,29.0,1.1,16.7,60.4,58.2,セデーニョ,西武,259,2026,27,3
0.272,0.342,0.385,0.724,8.5,37.5,2.1,34.4,63.3,92.0,郡司　裕也,日本ハム,388,2026,28,3
0.22,0.276,0.338,0.632,3.5,15.6,1.9,12.0,39.5,40.3,大田　泰示,DeNA,186,2026,35,1
0.227,0.275,0.335,0.628,2.1,9.3,0.8,7.1,20.4,26.8,戸柱　恭孝,DeNA,119,2026,35,3
0.23,0.283,0.322,0.59,2.0,9.2,1.8,9.1,30.1,27.4,武岡　龍世,ヤクルト,143,2026,24,3
0.21,0.27,0.33,0.612,1.7,6.5,2.1,5.5,22.3,16.0,江越　大賀,日本ハム,81,2026,33,2
0.22,0.28,0.319,0.602,0.9,6.0,0.6,4.1,12.0,12.2,楠本　泰史,阪神,61,2026,30,3
0.21,0.276,0.319,0.63,1.5,8.3,1.0,7.1,18.8,19.2,長野　久義,巨人,87,2026,41,3
0.209,0.263,0.3,0.584,1.0,6.7,0.7,4.8,17.1,16.5,伊藤　光,DeNA,79,2026,36,3
0.253,0.303,0.359,0.656,1.9,8.6,5.9,6.4,18.9,25.2,並木　秀尊,ヤクルト,113,2026,27,3
0.234,0.291,0.311,0.611,1.4,12.4,1.0,10.3,30.6,32.8,高橋　周平,中日,148,2026,32,3
0.231,0.272,0.331,0.618,4.1,21.3,1.8,13.6,47.1,58.0,カリステ,中日,254,2026,34,3
0.22,0.301,0.317,0.614,1.2,5.3,1.1,6.7,15.5,14.1,平沢　大河,西武,74,2026,28,2
0.269,0.323,0.353,0.664,0.9,5.8,1.1,5.0,13.9,17.9,宜保　翔,オリックス,77,2026,25,2
0.204,0.259,0.3,0.592,0.8,7.4,0.6,4.4,11.7,14.1,松山　竜平,広島,65,2026,40,3
0.243,0.297,0.323,0.607,1.7,14.6,6.5,12.8,37.6,40.8,林　琢真,DeNA,197,2026,25,3
0.227,0.287,0.303,0.599,1.0,5.6,2.4,6.2,18.2,18.5,山崎　晃大朗,ヤクルト,88,2026,32,2
0.277,0.331,0.38,0.693,3.0,15.1,2.0,12.1,30.9,43.2,中山　礼都,巨人,183,2026,23,3
0.224,0.275,0.329,0.613,2.2,12.2,1.6,8.3,28.3,30.9,ブロッソー,ロッテ,147,2026,32,1
0.241,0.31,0.306,0.61,2.2,23.1,6.5,26.8,71.7,69.4,矢野　雅哉,広島,341,2026,27,3
0.245,0.297,0.386,0.683,9.3,41.2,2.0,20.4,75.2,76.0,末包　昇大,広島,337,2026,29,3
0.204,0.256,0.28,0.563,1.0,7.6,0.8,6.1,20.1,22.1,炭谷　銀仁朗,西武,107,2026,38,3
0.232,0.297,0.345,0.645,1.5,6.4,0.7,5.6,16.1,15.2,ミエセス,阪神,72,2026,30,2
0.253,0.307,0.353,0.678,3.5,20.9,1.8,16.7,26.1,59.4,西野　真弘,オリックス,244,2026,35,3
0.224,0.275,0.303,0.574,0.6,4.4,0.5,3.1,10.7,11.2,柘植　世那,西武,56,2026,28,3
0.182,0.253,0.257,0.534,1.0,8.3,0.8,7.8,24.2,20.2,會澤　翼,広島,109,2026,37,3
0.231,0.291,0.324,0.608,0.7,5.3,1.7,4.9,14.1,15.1,児玉　亮涼,西武,74,2026,27,3
0.255,0.317,0.36,0.668,2.3,9.7,1.1,9.7,27.6,28.5,安田　悠馬,楽天,128,2026,26,2
0.252,0.304,0.354,0.655,1.9,9.7,2.5,8.5,30.2,31.8,オコエ　瑠偉,巨人,142,2026,28,3
0.225,0.286,0.346,0.644,2.6,10.5,1.6,9.0,27.7,26.7,アルカンタラ,日本ハム,125,2026,33,1
0.246,0.326,0.314,0.643,1.0,9.1,1.4,11.8,22.6,27.9,宮本　丈,ヤクルト,130,2026,30,3
0.222,0.287,0.296,0.586,0.9,4.6,2.3,5.5,13.4,15.2,島田　海吏,阪神,76,2026,30,3
0.224,0.269,0.353,0.637,2.1,8.5,1.2,4.5,20.5,19.8,ウォーカー,ソフトバンク,89,2026,34,2
0.235,0.282,0.33,0.621,1.1,6.0,0.6,4.4,14.9,17.0,石川　慎吾,ロッテ,76,2026,32,3
0.247,0.298,0.357,0.646,2.6,11.5,1.4,8.2,26.4,31.9,池田　来翔,ロッテ,149,2026,26,3
0.215,0.289,0.28,0.581,1.2,9.0,3.2,12.3,20.5,28.3,福田　周平,オリックス,142,2026,33,3
0.239,0.307,0.344,0.645,0.9,5.0,3.6,4.3,11.5,11.6,和田　康士朗,ロッテ,56,2026,27,3
0.251,0.307,0.341,0.63,0.7,4.8,1.3,3.9,10.9,11.8,細川　凌平,日本ハム,57,2026,23,3
0.246,0.293,0.326,0.616,1.3,10.4,2.5,7.6,26.1,32.1,平沼　翔太,西武,144,2026,28,3
0.259,0.309,0.371,0.671,6.4,28.9,12.2,21.1,59.1,84.4,西川　愛也,西武,369,2026,26,3
0.246,0.305,0.334,0.627,1.3,8.9,3.4,7.0,25.2,23.1,矢澤　宏太,日本ハム,109,2026,25,3
0.277,0.342,0.366,0.687,2.5,21.4,1.0,15.3,38.0,54.2,前川　右京,阪神,234,2026,22,3
0.242,0.305,0.308,0.603,1.0,8.8,3.4,10.3,27.4,28.8,丸山　和郁,ヤクルト,140,2026,26,3
0.212,0.276,0.319,0.616,1.7,8.9,1.4,7.9,20.8,22.2,井上　晴哉,ロッテ,106,2026,36,1
0.232,0.29,0.326,0.642,0.7,4.7,0.5,3.3,7.8,11.1,川端　慎吾,ヤクルト,47,2026,38,3
0.245,0.31,0.339,0.646,3.5,19.1,4.2,21.4,52.5,54.7,廣岡　大志,オリックス,254,2026,28,3
0.238,0.294,0.355,0.656,4.0,20.0,3.0,17.4,53.8,54.9,石井　一成,日本ハム,250,2026,31,3
0.248,0.291,0.381,0.675,6.7,24.5,9.5,13.7,55.8,63.8,上林　誠知,中日,274,2026,30,3
0.216,0.273,0.336,0.621,2.1,8.4,1.5,6.6,16.9,19.8,ハンソン,日本ハム,96,2026,33,1
0.247,0.309,0.369,0.678,5.1,18.6,7.2,14.7,57.1,47.4,野村　勇,ソフトバンク,212,2026,29,3
0.229,0.272,0.32,0.584,0.9,4.0,0.8,2.7,12.5,11.1,鵜飼　航丞,中日,55,2026,26,3
0.24,0.295,0.351,0.64,2.5,11.1,4.1,8.5,27.9,30.9,若林　楽人,巨人,146,2026,27,3
0.231,0.302,0.336,0.647,1.5,8.5,1.3,7.8,18.8,19.6,呉　念庭,西武,92,2026,32,1
0.21,0.271,0.296,0.585,1.7,8.3,1.9,8.6,22.9,24.7,金子　侑司,西武,120,2026,35,2
0.251,0.309,0.339,0.635,2.7,13.6,3.5,13.6,39.6,40.5,小幡　竜平,阪神,192,2026,25,3
0.221,0.284,0.31,0.613,1.3,7.1,1.1,6.7,15.2,18.8,谷内　亮太,日本ハム,88,2026,35,1
0.222,0.306,0.3,0.619,1.6,13.3,3.8,19.9,36.7,40.2,西川　遥輝,ヤクルト,199,2026,33,3
0.234,0.3,0.335,0.637,1.3,6.6,0.6,6.2,16.5,16.4,渡邉　諒,阪神,77,2026,30,3
0.22,0.292,0.282,0.586,0.9,7.0,0.9,8.1,17.6,19.6,糸原　健斗,阪神,95,2026,33,3
0.258,0.313,0.354,0.664,0.5,3.4,0.4,2.8,8.7,9.9,小野寺　暖,阪神,43,2026,28,3
0.243,0.304,0.368,0.66,1.9,9.0,1.0,7.4,21.8,21.4,野村　大樹,西武,104,2026,25,3
0.274,0.326,0.357,0.676,2.5,13.8,2.0,12.5,26.3,51.0,古賀　優大,ヤクルト,212,2026,27,2
0.254,0.311,0.366,0.665,0.6,3.1,0.4,2.3,6.1,7.3,石橋　康太,中日,34,2026,25,3
0.24,0.307,0.342,0.641,1.6,8.2,1.0,7.4,19.9,22.2,増田　珠,ヤクルト,108,2026,26,3
0.263,0.318,0.372,0.69,4.9,24.2,1.5,16.1,38.6,57.1,岸田　行倫,巨人,242,2026,29,3
0.244,0.295,0.346,0.642,1.6,7.9,3.1,6.1,22.7,22.7,大盛　穂,広島,102,2026,29,3
0.227,0.278,0.333,0.623,1.2,6.7,0.9,4.3,13.7,15.2,シュウィンデル,オリックス,70,2026,33,1
0.287,0.343,0.392,0.723,6.5,35.2,2.2,23.9,66.2,86.1,太田　椋,オリックス,347,2026,25,3
0.24,0.301,0.345,0.646,0.8,3.5,0.7,3.3,9.8,10.3,今川　優馬,日本ハム,47,2026,29,3
0.231,0.289,0.348,0.658,0.6,3.3,0.8,2.5,7.5,8.6,小田　裕也,オリックス,38,2026,36,2
0.259,0.328,0.385,0.704,1.8,9.4,1.0,7.9,22.8,22.2,ブライト　健太,中日,99,2026,26,3
0.209,0.272,0.295,0.594,0.7,4.2,0.7,3.9,10.7,11.4,安達　了一,オリックス,54,2026,38,2
0.228,0.283,0.337,0.627,1.2,5.8,0.9,4.5,15.6,14.4,アキーノ,中日,68,2026,31,1
0.213,0.296,0.297,0.602,0.5,2.8,0.6,3.5,7.6,7.8,柴田　竜拓,DeNA,41,2026,32,3
0.23,0.288,0.361,0.639,3.6,14.5,1.1,7.7,37.9,26.6,リチャード,ソフトバンク,132,2026,26,3
0.246,0.305,0.362,0.664,0.7,3.2,0.4,2.4,7.2,7.7,福田　光輝,日本ハム,35,2026,28,2
0.247,0.301,0.381,0.67,5.1,28.3,5.0,15.6,58.5,58.0,水野　達稀,日本ハム,274,2026,25,3
0.239,0.292,0.346,0.626,1.0,4.4,0.5,3.5,13.8,11.9,林　晃汰,広島,57,2026,25,3
0.224,0.293,0.408,0.716,18.4,55.6,1.2,34.6,103.9,91.5,山川　穂高,ソフトバンク,426,2026,34,3
0.245,0.303,0.341,0.644,0.5,2.9,0.5,2.4,6.8,7.5,清水　優心,日本ハム,34,2026,29,2
0.22,0.287,0.31,0.606,0.3,1.6,1.1,1.7,4.5,4.4,重信　慎之介,巨人,22,2026,32,3
0.251,0.306,0.309,0.614,1.0,12.0,0.8,9.8,20.9,30.1,渡邊　佳明,楽天,135,2026,29,3
0.217,0.281,0.325,0.621,0.9,4.3,0.5,3.0,9.0,8.9,原口　文仁,阪神,43,2026,34,3
0.265,0.321,0.352,0.655,0.3,1.7,0.3,1.6,4.3,5.3,古市　尊,西武,24,2026,23,3
0.246,0.306,0.342,0.633,0.5,2.5,0.4,2.3,6.2,6.7,韮澤　雄也,広島,32,2026,24,2
0.22,0.275,0.325,0.621,1.0,4.3,0.7,3.6,11.1,11.8,アルモンテ,中日,54,2026,36,1
0.268,0.337,0.479,0.831,10.6,32.5,1.1,25.1,50.9,66.6,オースティン,DeNA,264,2026,34,3
0.272,0.308,0.375,0.674,2.6,15.5,6.4,7.7,51.6,50.1,梶原　昂希,DeNA,201,2026,26,3
0.228,0.287,0.333,0.628,0.4,2.5,0.8,2.2,7.5,7.1,神里　和毅,DeNA,33,2026,32,3
0.265,0.33,0.349,0.667,0.7,4.8,6.7,5.8,15.2,16.0,羽月　隆太郎,広島,71,2026,25,3
0.236,0.311,0.321,0.623,0.6,3.5,1.3,3.8,8.0,9.1,渡部　遼人,オリックス,46,2026,26,3
0.241,0.302,0.341,0.634,0.4,1.9,0.3,1.7,5.2,5.0,岡田　悠希,巨人,24,2026,26,3
0.237,0.303,0.323,0.635,0.7,4.8,0.9,3.7,10.0,11.2,大城　滉二,オリックス,52,2026,32,3
0.218,0.279,0.312,0.603,0.6,3.5,0.5,3.1,8.9,8.6,後藤　駿太,中日,42,2026,33,2
0.266,0.334,0.381,0.712,4.4,22.7,3.5,18.9,48.7,60.9,蝦名　達夫,DeNA,264,2026,28,3
0.22,0.284,0.327,0.626,0.9,4.1,0.7,3.4,8.6,10.6,アストゥディーヨ,ソフトバンク,50,2026,34,1
0.199,0.267,0.296,0.593,0.8,3.7,0.6,3.9,9.6,10.0,デスパイネ,ソフトバンク,49,2026,39,1
0.245,0.303,0.352,0.649,0.3,1.9,0.3,1.5,4.5,4.7,古川　裕大,日本ハム,22,2026,27,2
0.258,0.319,0.39,0.706,1.0,3.8,0.6,3.4,10.0,11.0,谷川原　健太,ソフトバンク,48,2026,28,3
0.243,0.306,0.344,0.65,0.5,2.7,0.4,2.6,6.9,7.7,山田　遥楓,楽天,35,2026,29,2
0.235,0.295,0.338,0.639,0.7,3.8,0.7,3.1,8.8,9.7,溝脇　隼人,中日,45,2026,31,1
0.228,0.288,0.326,0.631,0.7,3.9,0.8,3.1,8.4,9.9,加藤　翔平,中日,45,2026,35,1
0.238,0.298,0.348,0.655,0.8,4.0,0.6,3.2,9.2,10.0,王　柏融,日本ハム,45,2026,32,1
0.229,0.289,0.319,0.614,0.6,3.3,2.0,3.4,8.8,10.6,山野辺　翔,西武,51,2026,31,3
0.213,0.254,0.307,0.555,0.9,5.9,0.6,3.6,15.3,14.3,元山　飛優,西武,76,2026,27,3
0.235,0.288,0.316,0.604,0.8,5.8,0.7,4.6,17.1,17.5,太田　賢吾,ヤクルト,82,2026,29,3
0.211,0.271,0.307,0.605,0.4,2.0,0.3,1.6,4.5,5.0,Ｔ－岡田,オリックス,23,2026,38,2
0.208,0.264,0.309,0.579,0.5,2.3,0.6,1.9,6.4,5.6,田中　和基,楽天,29,2026,31,3
0.259,0.312,0.387,0.675,1.9,9.1,1.1,5.7,19.0,20.9,浅野　翔吾,巨人,98,2026,21,3
0.251,0.304,0.35,0.636,0.4,1.9,0.3,1.5,4.8,5.0,井上　朋也,ソフトバンク,24,2026,23,3
0.224,0.273,0.343,0.631,1.9,8.4,0.7,3.9,15.2,16.9,嶺井　博希,ソフトバンク,79,2026,34,3
0.235,0.315,0.359,0.667,0.5,2.3,0.5,2.3,4.7,5.2,知野　直人,DeNA,25,2026,27,3
0.261,0.321,0.356,0.656,0.4,2.2,0.4,2.1,5.7,6.4,池田　陵真,オリックス,30,2026,22,2
0.239,0.295,0.346,0.64,0.3,1.5,0.4,1.1,3.3,3.8,佐野　皓大,オリックス,17,2026,29,2
0.214,0.28,0.314,0.597,1.5,5.7,1.0,5.3,15.8,15.6,北村　拓己,ヤクルト,81,2026,30,3
0.224,0.289,0.323,0.621,0.3,1.4,0.2,1.3,3.4,3.7,柿沼　友哉,ロッテ,18,2026,32,2
0.238,0.308,0.338,0.645,1.4,7.9,1.8,8.0,20.1,20.3,淺間　大基,日本ハム,96,2026,29,3
0.228,0.298,0.33,0.637,0.9,4.2,0.5,4.0,11.3,11.2,川越　誠司,中日,52,2026,32,3
0.236,0.29,0.339,0.617,0.8,3.8,0.5,2.6,12.3,10.3,澤井　廉,ヤクルト,50,2026,25,3
0.251,0.306,0.346,0.641,0.4,2.6,0.4,1.9,5.9,6.5,中村　貴浩,広島,30,2026,25,2
0.254,0.31,0.377,0.672,0.6,2.9,0.5,2.0,6.9,6.3,井上　広大,阪神,29,2026,24,3
0.219,0.277,0.32,0.618,0.5,2.8,0.5,2.3,6.8,7.4,ガルビス,ソフトバンク,34,2026,36,1
0.219,0.279,0.325,0.616,0.2,1.2,0.2,1.0,2.9,3.0,磯村　嘉孝,広島,14,2026,33,3
0.231,0.299,0.315,0.632,0.4,2.6,1.1,2.9,6.6,7.5,中島　卓也,日本ハム,34,2026,35,3
0.24,0.295,0.367,0.656,2.3,10.4,4.1,7.8,35.2,26.6,佐藤　直樹,ソフトバンク,127,2026,27,3
0.272,0.326,0.369,0.684,3.8,20.8,4.3,15.3,44.1,55.2,田宮　裕涼,日本ハム,238,2026,25,3
0.26,0.314,0.386,0.69,2.8,12.3,1.3,7.7,27.0,29.5,正木　智也,ソフトバンク,129,2026,26,3
0.243,0.308,0.35,0.655,0.4,2.0,0.3,1.7,4.7,5.3,大下　誠一郎,ロッテ,25,2026,28,2
0.217,0.283,0.317,0.615,0.5,2.5,0.4,2.2,6.3,6.4,陽川　尚将,西武,31,2026,34,2
0.224,0.294,0.318,0.62,0.3,1.4,0.4,1.5,3.3,3.9,山足　達也,広島,19,2026,32,3
0.238,0.29,0.334,0.612,2.1,11.5,2.9,9.2,32.7,30.2,赤羽　由紘,ヤクルト,149,2026,25,3
0.236,0.305,0.336,0.636,0.3,1.3,0.3,1.4,3.4,3.7,石垣　雅海,ロッテ,18,2026,27,3
0.218,0.287,0.329,0.64,0.5,2.2,0.4,2.1,4.8,5.6,福田　永将,中日,26,2026,37,1
0.254,0.318,0.298,0.611,1.2,14.0,6.1,14.8,34.1,42.0,小川　龍成,ロッテ,194,2026,27,3
0.208,0.269,0.314,0.624,0.4,1.9,0.3,1.8,4.5,5.4,藤田　一也,DeNA,24,2026,43,1
0.285,0.35,0.373,0.709,2.5,16.0,1.2,14.5,29.8,40.6,黒川　史陽,楽天,169,2026,24,3
0.265,0.336,0.41,0.734,2.4,10.7,0.9,7.9,16.7,21.5,北村　恵吾,ヤクルト,97,2026,25,2
0.252,0.309,0.355,0.656,0.4,1.8,0.4,1.5,4.1,4.8,伊藤　康祐,中日,22,2026,26,1
0.263,0.317,0.358,0.654,0.9,4.9,0.7,4.4,14.4,15.4,田村　俊介,広島,70,2026,22,3
0.231,0.294,0.334,0.64,0.3,1.8,0.3,1.5,4.2,4.5,三ツ俣　大樹,ヤクルト,21,2026,33,1
0.258,0.317,0.361,0.666,0.3,1.7,0.3,1.5,4.0,4.6,生海,ソフトバンク,21,2026,25,1
0.265,0.309,0.392,0.692,3.5,14.6,1.5,9.4,29.0,43.1,中村　奨成,広島,182,2026,26,3
0.196,0.259,0.295,0.596,0.3,1.4,0.2,1.1,3.4,3.6,中島　宏之,中日,17,2026,43,2
0.247,0.307,0.348,0.646,0.2,1.0,0.2,0.9,2.5,2.7,高木　渉,西武,13,2026,26,2
0.231,0.292,0.332,0.633,0.2,0.9,0.2,0.8,2.1,2.4,若林　晃弘,日本ハム,11,2026,32,2
0.258,0.319,0.357,0.656,0.2,0.8,0.1,0.7,1.9,2.0,松川　虎生,ロッテ,10,2026,22,3
0.242,0.303,0.336,0.636,0.8,4.3,1.0,4.0,11.9,12.6,三好　大倫,中日,59,2026,28,2
0.252,0.308,0.299,0.586,1.4,11.2,7.8,15.1,40.4,47.4,滝澤　夏央,西武,232,2026,22,3
0.201,0.26,0.306,0.605,0.3,1.4,0.2,1.2,3.3,3.7,松田　宣浩,巨人,17,2026,42,1
0.219,0.272,0.318,0.599,2.1,10.2,1.1,9.6,32.0,31.1,板山　祐太郎,中日,149,2026,32,3
0.24,0.297,0.344,0.628,1.0,5.1,0.8,4.6,15.1,14.2,萩尾　匡也,巨人,69,2026,25,3
0.241,0.302,0.349,0.653,0.3,1.2,0.2,1.1,2.8,3.3,曽根　海成,広島,15,2026,30,1
0.235,0.308,0.346,0.664,2.1,9.1,0.7,8.8,22.0,21.8,茂木　栄五郎,ヤクルト,100,2026,32,3
0.25,0.307,0.355,0.656,0.1,0.5,0.1,0.4,1.1,1.3,郡　拓也,巨人,6,2026,27,3
0.258,0.312,0.358,0.651,2.9,16.1,1.1,11.2,30.3,37.9,山村　崇嘉,西武,174,2026,23,3
0.248,0.297,0.331,0.613,0.9,6.1,2.2,6.2,20.2,21.7,森　敬斗,DeNA,101,2026,24,3
0.226,0.279,0.329,0.616,0.4,2.1,1.1,1.6,5.1,5.5,増田　大輝,巨人,26,2026,32,3
0.216,0.273,0.31,0.589,0.5,2.8,0.5,2.5,8.1,7.4,松原　聖弥,西武,37,2026,31,3
0.237,0.295,0.341,0.642,0.1,0.4,0.1,0.3,0.9,1.0,長坂　拳弥,阪神,5,2026,31,3
0.232,0.292,0.339,0.646,0.2,1.3,0.2,1.1,3.0,3.3,西浦　直亨,DeNA,15,2026,34,2
0.237,0.297,0.344,0.644,0.1,0.5,0.1,0.4,1.1,1.3,石川　亮,オリックス,6,2026,30,3
0.235,0.296,0.341,0.646,0.2,0.9,0.2,0.8,2.1,2.4,菅野　剛士,ロッテ,11,2026,32,1
0.249,0.304,0.349,0.635,1.8,7.9,2.7,7.5,28.8,25.5,来田　涼斗,オリックス,122,2026,23,3
0.223,0.285,0.332,0.641,0.2,0.8,0.1,0.7,1.9,2.2,堂上　直倫,中日,10,2026,37,1
0.217,0.277,0.324,0.627,0.2,0.9,0.1,0.7,1.9,2.2,銀次,楽天,10,2026,38,1
0.23,0.289,0.336,0.637,0.2,0.8,0.1,0.7,1.9,2.2,江村　直也,ロッテ,10,2026,33,1
0.233,0.292,0.339,0.64,0.2,0.9,0.1,0.7,1.9,2.2,ホーキンス,ソフトバンク,10,2026,32,1
0.234,0.283,0.325,0.61,0.9,6.9,2.2,4.2,14.6,16.3,熊谷　敬宥,阪神,76,2026,30,3
0.192,0.261,0.282,0.563,0.7,4.1,0.6,4.0,9.9,10.2,小林　誠司,巨人,54,2026,36,3
0.224,0.285,0.331,0.64,0.2,0.8,0.2,0.7,1.7,2.0,福田　秀平,ロッテ,9,2026,37,1
0.211,0.253,0.298,0.563,0.9,5.6,0.6,3.8,17.6,15.5,加藤　匠馬,中日,78,2026,33,3
0.226,0.283,0.328,0.623,0.3,1.4,0.2,1.2,3.2,3.7,西田　明央,ヤクルト,17,2026,33,2
0.24,0.299,0.346,0.651,0.1,0.7,0.1,0.6,1.5,1.8,アンバギー,DeNA,8,2026,31,1
0.265,0.323,0.369,0.67,0.1,0.5,0.1,0.4,1.0,1.2,味谷　大誠,中日,5,2026,22,3
0.263,0.321,0.366,0.672,0.1,0.5,0.1,0.4,1.0,1.2,山瀬　慎之助,巨人,5,2026,24,3
0.236,0.294,0.358,0.633,4.1,14.4,1.5,11.3,43.8,36.2,山本　大斗,ロッテ,182,2026,23,3
0.246,0.303,0.349,0.65,0.1,0.4,0.1,0.4,1.1,1.1,梅林　優貴,日本ハム,5,2026,28,3
0.259,0.322,0.367,0.673,0.1,0.5,0.1,0.4,1.1,1.3,菊田　拡和,巨人,6,2026,24,1
0.236,0.283,0.327,0.619,0.8,4.8,0.7,3.7,10.8,14.3,松本　直樹,ヤクルト,64,2026,32,3
0.244,0.304,0.352,0.658,0.1,0.5,0.1,0.4,1.2,1.3,和田　恋,楽天,6,2026,30,1
0.262,0.322,0.37,0.677,0.1,0.4,0.1,0.4,1.0,1.1,平野　大和,オリックス,5,2026,24,1
0.248,0.307,0.359,0.669,0.1,0.4,0.1,0.4,1.0,1.1,奥村　展征,ヤクルト,5,2026,30,1
0.245,0.298,0.343,0.629,0.2,1.2,0.2,0.9,3.0,3.1,杉澤　龍,オリックス,15,2026,25,3
0.263,0.324,0.366,0.668,0.4,2.0,0.3,1.7,5.1,5.2,有薗　直輝,日本ハム,24,2026,22,2
0.254,0.315,0.362,0.668,0.1,0.3,0.1,0.3,0.8,0.9,西巻　賢二,DeNA,4,2026,26,1
0.254,0.312,0.358,0.664,0.1,0.6,0.1,0.5,1.4,1.6,榮枝　裕貴,阪神,7,2026,27,2
0.234,0.298,0.341,0.639,0.2,1.1,0.6,0.9,2.6,2.6,植田　海,阪神,12,2026,29,3
0.237,0.295,0.335,0.624,0.2,0.9,0.4,0.8,2.3,2.4,樋口　正修,中日,12,2026,27,3
0.248,0.307,0.354,0.658,0.1,0.4,0.1,0.3,0.8,0.9,植田　将太,ロッテ,4,2026,28,2
0.253,0.316,0.349,0.662,1.4,7.3,0.9,6.6,16.1,18.4,堀内　謙伍,楽天,84,2026,28,3
0.226,0.273,0.312,0.582,1.5,12.6,0.9,8.2,37.0,31.1,海野　隆司,ソフトバンク,158,2026,28,3
0.271,0.331,0.379,0.686,0.0,0.2,0.0,0.1,0.4,0.4,山浅　龍之介,中日,2,2026,21,1
0.248,0.316,0.338,0.645,1.2,7.1,2.4,8.3,17.1,21.2,大里　昂生,オリックス,101,2026,26,3
0.231,0.292,0.333,0.616,0.6,3.1,0.4,2.6,8.6,7.8,福永　奨,オリックス,39,2026,26,3
0.22,0.28,0.328,0.635,0.0,0.2,0.0,0.1,0.4,0.4,荒木　貴裕,ヤクルト,2,2026,38,1
0.225,0.286,0.336,0.646,0.0,0.2,0.0,0.1,0.4,0.4,木村　文紀,日本ハム,2,2026,37,1
0.25,0.31,0.358,0.665,0.0,0.2,0.0,0.1,0.4,0.4,渡邉　大樹,オリックス,2,2026,28,1
0.247,0.31,0.355,0.665,0.0,0.2,0.0,0.1,0.4,0.4,正隨　優弥,楽天,2,2026,29,1
0.238,0.293,0.337,0.622,0.2,0.8,0.7,0.7,2.2,2.1,髙松　渡,西武,10,2026,26,3
0.265,0.326,0.374,0.682,0.0,0.1,0.0,0.1,0.2,0.2,川原田　純平,ソフトバンク,1,2026,23,1
0.217,0.278,0.326,0.634,0.0,0.1,0.0,0.1,0.2,0.2,大野　奨太,中日,1,2026,39,1
0.264,0.322,0.368,0.667,0.1,0.6,0.1,0.5,1.4,1.6,西村　瑠伊斗,ヤクルト,7,2026,21,2
0.247,0.298,0.374,0.66,1.2,4.7,0.5,3.3,10.3,12.0,吉田　賢吾,日本ハム,56,2026,25,3
0.271,0.336,0.49,0.828,24.2,70.0,1.5,40.5,106.0,113.2,レイエス,日本ハム,459,2026,30,2
0.284,0.335,0.442,0.765,9.3,36.9,5.1,20.7,73.7,83.7,水谷　瞬,日本ハム,335,2026,25,2
0.262,0.315,0.333,0.636,2.7,24.2,7.9,23.2,47.3,78.5,田中　幹也,中日,355,2026,25,2
0.282,0.325,0.379,0.7,2.8,29.1,12.6,18.6,51.4,87.0,髙部　瑛斗,ロッテ,341,2026,28,2
0.265,0.324,0.367,0.673,4.8,24.6,2.0,19.4,43.9,64.4,度会　隆輝,DeNA,288,2026,23,2
0.252,0.318,0.372,0.689,4.2,17.6,1.2,15.8,42.0,46.0,ヘルナンデス,阪神,202,2026,29,2
0.281,0.345,0.374,0.71,4.6,27.8,3.5,32.8,51.8,97.5,泉口　友汰,巨人,401,2026,26,2
0.236,0.279,0.318,0.606,3.4,19.2,2.8,14.9,50.6,63.9,山本　泰寛,中日,286,2026,32,2
0.214,0.279,0.316,0.589,1.7,8.0,0.8,7.2,22.8,17.9,石原　彪,楽天,98,2026,27,2
0.212,0.294,0.431,0.74,10.3,28.2,1.2,21.7,49.9,43.7,筒香　嘉智,DeNA,217,2026,34,2
0.256,0.308,0.369,0.677,2.2,13.8,1.9,9.9,26.8,37.3,モンテス,巨人,159,2026,29,1
0.253,0.306,0.327,0.625,1.3,10.7,1.9,10.4,34.5,34.7,佐々木　俊輔,巨人,159,2026,26,2
0.26,0.321,0.37,0.682,0.9,5.9,1.1,4.7,15.4,15.1,川村　友斗,ソフトバンク,67,2026,26,2
0.258,0.314,0.325,0.636,1.9,14.8,9.7,17.5,41.2,64.7,岩田　幸宏,ヤクルト,285,2026,28,2
0.233,0.29,0.327,0.614,1.8,8.7,1.0,6.9,24.8,25.9,石原　貴規,広島,126,2026,28,2
0.271,0.309,0.365,0.659,4.4,23.6,10.4,14.2,54.2,78.7,中島　大輔,楽天,330,2026,24,2
0.217,0.281,0.323,0.621,2.1,10.4,1.3,9.0,25.6,26.3,アギラー,西武,124,2026,35,1
0.238,0.298,0.343,0.623,2.2,8.7,1.4,8.6,26.2,24.9,二俣　翔一,広島,126,2026,23,2
0.254,0.311,0.35,0.646,1.6,8.3,1.1,6.8,20.8,22.0,廣瀨　隆太,ソフトバンク,102,2026,24,2
0.219,0.292,0.338,0.648,2.1,7.8,1.4,8.5,19.2,21.5,ディカーソン,中日,102,2026,35,1
0.221,0.29,0.303,0.611,1.3,8.4,1.8,8.1,18.7,21.0,立岡　宗一郎,巨人,99,2026,35,1
0.241,0.298,0.332,0.621,1.1,6.3,1.4,5.2,15.0,17.7,奥村　光一,西武,84,2026,26,1
0.252,0.317,0.353,0.655,1.7,10.4,2.2,9.6,26.9,26.1,石上　泰輝,DeNA,123,2026,24,2
0.25,0.311,0.37,0.678,1.7,6.7,1.5,5.1,15.7,16.6,宇草　孔基,広島,75,2026,28,1
0.228,0.281,0.329,0.607,1.2,5.8,0.9,4.6,15.8,14.8,コルデロ,西武,73,2026,28,1
0.214,0.282,0.327,0.622,1.2,5.6,0.8,5.4,15.4,14.0,ガルシア,西武,69,2026,33,1
0.25,0.311,0.357,0.653,2.0,12.7,1.0,9.3,24.3,27.6,上田　希由翔,ロッテ,131,2026,24,2
0.227,0.28,0.323,0.608,0.9,4.5,0.9,3.9,14.0,13.3,スティーブンソン,日本ハム,63,2026,31,1
0.237,0.296,0.327,0.618,0.8,5.8,2.9,5.0,12.6,14.9,緒方　理貢,ソフトバンク,71,2026,27,2
0.25,0.316,0.341,0.644,0.9,5.2,0.7,4.5,11.6,13.0,野口　恭佑,阪神,61,2026,25,1
0.211,0.271,0.296,0.583,0.6,3.1,0.5,3.2,9.7,9.1,ロドリゲス,中日,45,2026,34,2
0.242,0.3,0.362,0.653,0.8,3.8,0.5,2.5,7.2,8.1,井上　絢登,DeNA,39,2026,26,2
0.27,0.322,0.372,0.67,2.2,10.5,1.2,7.3,18.4,27.8,松尾　汐恩,DeNA,124,2026,21,2
0.256,0.324,0.357,0.666,0.8,4.8,0.5,3.2,10.8,11.0,石塚　綜一郎,ソフトバンク,51,2026,24,2
0.262,0.315,0.36,0.648,0.3,1.4,0.2,1.2,4.1,4.0,横山　聖哉,オリックス,19,2026,20,2
0.234,0.292,0.345,0.64,0.6,2.9,0.4,2.1,6.1,6.6,シャイナー,広島,31,2026,30,1
0.247,0.321,0.389,0.704,2.2,9.8,2.0,9.3,20.1,22.3,ダウンズ,ソフトバンク,105,2026,27,2
0.246,0.308,0.347,0.649,0.4,2.1,0.3,1.8,4.4,5.2,平良　竜哉,楽天,24,2026,27,1
0.23,0.299,0.336,0.632,0.3,1.3,0.3,1.2,3.2,3.3,中村　健人,広島,16,2026,28,2
0.225,0.289,0.321,0.622,0.6,2.9,0.4,3.0,7.4,8.1,フォード,DeNA,38,2026,33,2
0.262,0.322,0.367,0.665,0.3,1.7,0.3,1.4,4.3,4.5,内藤　鵬,オリックス,21,2026,21,1
0.261,0.308,0.36,0.651,0.8,4.2,1.0,2.4,9.1,9.9,笹川　吉康,ソフトバンク,44,2026,23,2
0.238,0.287,0.332,0.604,0.5,2.8,0.5,2.3,7.1,8.1,辻本　倫太郎,中日,40,2026,24,2
0.243,0.293,0.331,0.612,0.6,2.9,0.6,2.8,10.7,9.6,牧野　翔矢,西武,46,2026,25,2
0.246,0.301,0.345,0.643,0.6,3.3,0.5,2.9,8.7,9.3,豊田　寛,阪神,42,2026,28,2
0.245,0.305,0.35,0.644,0.2,1.2,0.3,1.1,3.4,3.3,久保　修,広島,16,2026,25,2
0.228,0.285,0.331,0.622,0.3,1.5,0.3,1.2,3.6,3.8,トーマス,オリックス,18,2026,31,1
0.209,0.271,0.311,0.618,0.3,1.5,0.3,1.3,3.6,4.0,ブランドン,西武,18,2026,41,1
0.246,0.309,0.343,0.638,0.3,1.3,0.2,1.2,3.2,3.4,佐藤　啓介,広島,16,2026,24,2
0.251,0.308,0.332,0.631,0.7,4.1,0.8,3.8,10.5,13.1,仲田　慶介,西武,60,2026,26,2
0.267,0.325,0.368,0.675,0.2,1.0,0.2,0.8,2.3,2.6,入江　大樹,楽天,12,2026,23,2
0.249,0.3,0.358,0.643,1.0,4.8,0.6,3.1,12.7,11.4,村田　怜音,西武,53,2026,24,2
0.246,0.303,0.348,0.639,0.1,0.7,0.4,0.6,1.6,1.7,尾田　剛樹,中日,8,2026,25,2
0.232,0.298,0.335,0.645,0.1,0.7,0.1,0.6,1.6,1.8,田中　貴也,楽天,8,2026,33,2
0.25,0.313,0.357,0.661,0.1,0.7,0.1,0.6,1.6,1.7,ウレーニャ,巨人,8,2026,26,1
0.259,0.323,0.361,0.666,0.1,0.7,0.1,0.7,1.8,2.0,元　謙太,オリックス,9,2026,23,2
0.252,0.311,0.357,0.659,0.1,0.4,0.1,0.3,0.9,1.0,湯浅　大,巨人,5,2026,26,2
0.279,0.328,0.367,0.668,3.3,19.4,1.3,13.2,41.8,58.1,寺地　隆成,ロッテ,250,2026,20,2
0.26,0.321,0.368,0.674,0.1,0.5,0.1,0.4,1.2,1.3,宮崎　一樹,日本ハム,6,2026,24,2
0.249,0.3,0.349,0.637,2.8,12.6,1.1,9.2,32.9,34.8,増田　陸,巨人,162,2026,25,2
0.225,0.288,0.332,0.638,0.1,0.5,0.1,0.4,1.1,1.3,レイノルズ,広島,6,2026,35,1
0.247,0.32,0.34,0.645,0.8,6.1,1.3,6.2,15.5,15.2,武藤　敦貴,楽天,74,2026,24,2
0.253,0.305,0.347,0.631,0.7,3.4,1.2,2.8,9.5,9.9,小森　航大郎,楽天,47,2026,22,2
0.28,0.339,0.385,0.697,0.1,0.5,0.1,0.4,1.0,1.2,鈴木　叶,ヤクルト,5,2026,20,2
0.275,0.335,0.382,0.69,0.1,0.3,0.1,0.3,0.8,0.9,仲田　侑仁,広島,4,2026,20,1
0.241,0.302,0.337,0.624,0.3,1.4,0.2,1.3,3.7,3.8,進藤　勇也,日本ハム,19,2026,24,2
0.257,0.318,0.365,0.671,0.1,0.3,0.0,0.2,0.6,0.7,辰見　鴻之介,楽天,3,2026,25,1
0.272,0.333,0.38,0.688,0.1,0.6,0.1,0.5,1.3,1.5,内田　湘大,広島,7,2026,21,2
0.263,0.322,0.371,0.678,0.1,0.4,0.1,0.3,0.8,0.9,東妻　純平,DeNA,4,2026,24,2
0.247,0.301,0.353,0.636,1.8,9.6,1.7,7.5,26.1,23.4,伊藤　琉偉,ヤクルト,114,2026,23,2
0.229,0.29,0.341,0.652,0.0,0.1,0.0,0.1,0.2,0.2,岡田　雅利,西武,1,2026,36,1
0.251,0.311,0.353,0.651,0.2,0.8,0.1,0.7,1.9,2.1,橋本　星哉,ヤクルト,10,2026,25,2
0.253,0.314,0.362,0.669,0.0,0.1,0.0,0.1,0.2,0.2,喜多　隆介,巨人,1,2026,27,1
0.271,0.316,0.409,0.722,14.9,60.3,3.9,27.7,91.0,142.6,ファビアン,広島,572,2026,28,1
0.271,0.338,0.424,0.759,17.7,58.8,3.9,43.9,86.7,136.8,ネビン,西武,570,2026,28,1
0.248,0.302,0.396,0.708,11.6,52.8,2.4,31.9,98.3,115.3,ボスラー,中日,493,2026,32,1
0.264,0.327,0.422,0.745,14.1,47.6,5.7,36.1,125.8,112.0,キャベッジ,巨人,476,2026,28,1
0.274,0.314,0.364,0.66,4.7,31.3,6.9,24.5,83.6,108.7,宗山　塁,楽天,460,2026,23,1
0.273,0.32,0.4,0.702,10.6,41.5,3.6,25.1,85.0,106.8,渡部　聖弥,西武,452,2026,23,1
0.287,0.333,0.391,0.705,4.7,37.4,2.9,21.7,84.5,110.6,西川　史礁,ロッテ,444,2026,23,1
0.258,0.31,0.384,0.688,8.2,38.3,2.2,25.1,83.6,91.8,モンテロ,広島,396,2026,27,1
0.258,0.331,0.414,0.763,9.2,31.9,1.9,23.7,55.7,67.6,ボイト,楽天,276,2026,35,1
0.246,0.301,0.338,0.627,3.8,22.0,1.9,16.6,57.3,55.8,石伊　雄太,中日,270,2026,25,1
0.259,0.297,0.358,0.636,3.3,14.3,3.0,8.3,35.8,43.6,山縣　秀,日本ハム,198,2026,23,1
0.276,0.32,0.347,0.649,1.8,11.6,2.4,9.8,29.9,44.9,佐々木　泰,広島,187,2026,23,1
0.259,0.333,0.355,0.67,2.5,11.0,3.0,14.1,32.9,33.8,髙寺　望夢,阪神,160,2026,23,1
0.259,0.33,0.358,0.669,2.0,11.9,6.0,13.0,32.8,32.9,麦谷　祐介,オリックス,153,2026,23,1
0.25,0.311,0.348,0.65,2.3,9.7,1.3,10.4,27.8,30.1,ディアス,オリックス,138,2026,26,1
0.223,0.301,0.331,0.642,2.5,10.4,1.2,12.1,24.4,27.0,デービス,西武,131,2026,32,1
0.219,0.292,0.352,0.647,3.1,9.5,1.2,9.5,25.7,23.8,チェイビス,中日,120,2026,30,1
0.243,0.302,0.327,0.617,1.3,7.4,1.4,6.4,23.9,22.8,宮崎　竜成,ロッテ,110,2026,25,1
0.248,0.319,0.355,0.665,1.6,6.6,0.9,6.1,15.5,17.1,山本　恵大,ソフトバンク,80,2026,26,1
0.276,0.341,0.378,0.7,1.1,4.4,0.7,4.9,11.8,14.1,荒巻　悠,巨人,61,2026,23,1
0.258,0.318,0.353,0.652,0.8,4.9,0.7,4.1,10.4,12.9,浦田　俊輔,巨人,60,2026,23,1
0.273,0.327,0.385,0.691,1.2,4.5,0.7,3.8,12.1,13.5,中川　勇斗,阪神,59,2026,22,1
0.257,0.312,0.356,0.647,0.8,5.6,0.7,3.7,10.4,12.0,前川　誠太,広島,56,2026,22,1
0.246,0.302,0.342,0.626,0.8,4.1,0.6,3.5,11.1,10.9,土田　龍空,中日,53,2026,23,1
0.237,0.297,0.349,0.634,0.9,4.2,0.6,3.6,9.7,10.6,山中　稜真,オリックス,52,2026,25,1
0.255,0.322,0.353,0.663,0.7,4.5,0.8,3.9,10.9,11.1,渡邉　陸,ソフトバンク,51,2026,25,1
0.237,0.296,0.335,0.634,0.5,2.6,0.6,2.5,6.8,7.6,オリバレス,オリックス,35,2026,30,1
0.256,0.318,0.364,0.664,0.5,2.9,0.4,2.4,6.5,7.3,佐藤　太陽,西武,34,2026,23,1
0.256,0.319,0.356,0.654,0.4,1.7,0.3,1.6,4.4,4.7,笹原　操希,巨人,22,2026,22,1
0.274,0.336,0.382,0.688,0.4,1.7,0.3,1.5,4.5,4.8,森　駿太,中日,22,2026,19,1
0.265,0.325,0.379,0.685,0.3,1.6,0.3,1.3,3.5,4.0,庄子　雄大,ソフトバンク,18,2026,23,1
0.235,0.292,0.336,0.64,0.3,1.4,0.2,1.2,3.6,4.0,駿太,中日,18,2026,33,1
0.261,0.321,0.362,0.665,0.3,1.4,0.2,1.3,3.6,3.9,加藤　響,DeNA,18,2026,23,1
0.266,0.323,0.368,0.666,0.3,1.4,0.2,1.2,3.4,3.9,井坪　陽生,阪神,18,2026,21,1
0.262,0.333,0.364,0.673,0.3,1.3,0.2,1.3,3.1,3.4,古川　雄大,西武,16,2026,21,1
0.267,0.328,0.374,0.677,0.2,1.1,0.2,1.0,2.7,3.1,清水　叶人,広島,14,2026,21,1
0.281,0.339,0.392,0.701,0.2,1.2,0.2,0.9,2.5,3.0,田中　陽翔,ヤクルト,13,2026,19,1
0.268,0.326,0.371,0.676,0.2,1.2,0.2,0.9,2.4,2.9,吉野　創士,楽天,13,2026,22,1
0.254,0.312,0.366,0.672,0.2,1.0,0.2,0.8,2.3,2.7,九鬼　隆平,DeNA,12,2026,27,1
0.26,0.318,0.364,0.658,0.2,1.0,0.2,0.8,2.5,2.5,三塚　琉生,巨人,12,2026,21,1
0.263,0.324,0.38,0.685,0.2,1.1,0.2,0.9,2.3,2.6,アセベド,ロッテ,12,2026,23,1
0.27,0.332,0.374,0.676,0.2,1.0,0.2,0.9,2.3,2.6,齋藤　大翔,西武,12,2026,19,1
0.25,0.308,0.354,0.653,0.2,0.9,0.2,0.8,2.2,2.4,モンテル,西武,11,2026,26,1
0.265,0.322,0.378,0.683,0.2,1.0,0.1,0.7,2.0,2.2,仲三河　優太,西武,10,2026,23,1
0.273,0.332,0.378,0.68,0.2,0.7,0.1,0.6,1.8,2.0,石塚　裕惺,巨人,9,2026,19,1
0.263,0.322,0.368,0.678,0.2,0.7,0.1,0.6,1.7,2.0,勝又　温史,DeNA,9,2026,25,1
0.262,0.321,0.367,0.67,0.1,0.7,0.1,0.6,1.5,1.8,渡邉　悠斗,広島,8,2026,23,1
0.248,0.307,0.354,0.655,0.1,0.5,0.1,0.4,1.2,1.3,立松　由宇,ロッテ,6,2026,27,1
0.238,0.298,0.349,0.655,0.1,0.4,0.1,0.4,0.9,1.1,乙坂　智,巨人,5,2026,32,1
0.249,0.308,0.356,0.658,0.1,0.4,0.1,0.4,1.0,1.1,フルプ,巨人,5,2026,27,1
0.26,0.32,0.367,0.675,0.1,0.4,0.1,0.3,0.8,0.9,濱　将乃介,中日,4,2026,25,1
0.263,0.323,0.37,0.675,0.1,0.3,0.0,0.2,0.6,0.7,津田　啓史,中日,3,2026,23,1
0.276,0.336,0.384,0.693,0.1,0.3,0.0,0.2,0.6,0.7,堀　柊那,オリックス,3,2026,20,1
0.263,0.323,0.37,0.675,0.1,0.3,0.0,0.2,0.6,0.7,吉納　翼,楽天,3,2026,23,1
0.28,0.34,0.388,0.698,0.0,0.2,0.0,0.1,0.4,0.4,田内　真翔,DeNA,2,2026,19,1
0.274,0.334,0.382,0.692,0.0,0.2,0.0,0.1,0.4,0.4,陽　柏翔,楽天,2,2026,21,1
0.268,0.328,0.376,0.684,0.0,0.1,0.0,0.1,0.2,0.2,阪口　樂,日本ハム,1,2026,22,1
