ERA,WHIP,W,L,SV,SO,BB,HBP,HRA,BF,player,team,IP,target_year,age,data_years
2.63,1.17,0.6,0.6,0.3,9.9,3.9,0.5,0.8,51.3,福田　俊,日本ハム,12.4,2026,29,2
3.03,1.23,4.5,3.8,0.9,45.8,17.1,2.4,4.4,272.7,大野　雄大,中日,66.5,2026,37,3
2.92,1.12,1.2,1.4,0.5,18.5,7.9,1.1,1.5,97.9,齋藤　響介,オリックス,23.2,2026,21,2
3.34,1.23,0.4,0.5,0.2,7.6,2.9,0.4,0.9,39.7,金久保　優斗,ヤクルト,9.4,2026,26,3
2.78,1.22,1.5,1.2,0.7,18.8,7.6,1.1,1.7,104.5,国吉　佑樹,ロッテ,25.4,2026,34,2
2.94,1.2,0.5,0.5,0.2,7.0,3.0,0.3,0.5,35.6,矢澤　宏太,日本ハム,8.5,2026,25,2
2.96,1.17,0.2,0.2,0.1,3.0,1.1,0.1,0.3,15.6,前　佑囲斗,オリックス,3.7,2026,24,2
3.19,1.29,0.1,0.1,0.1,1.6,0.6,0.1,0.1,8.3,高木　京介,巨人,2.0,2026,36,1
3.11,1.26,0.1,0.1,0.0,0.8,0.3,0.0,0.1,4.2,小林　慶祐,阪神,1.0,2026,33,1
3.18,1.28,0.0,0.0,0.0,0.3,0.1,0.0,0.0,1.4,一岡　竜司,広島,0.3,2026,35,1
2.01,1.02,2.8,2.5,22.4,53.7,12.7,1.4,2.8,215.1,マルティネス,巨人,54.6,2026,33,3
2.87,1.2,0.5,0.5,0.3,8.8,3.6,0.4,0.7,45.4,豆田　泰志,西武,10.7,2026,23,3
3.23,1.24,0.4,0.4,0.2,6.4,2.8,0.3,0.7,34.2,根尾　昂,中日,8.1,2026,25,3
2.46,1.22,2.6,1.5,0.6,30.5,12.5,1.7,1.8,148.6,齋藤　綱記,中日,35.7,2026,29,3
2.65,1.17,4.4,5.0,1.0,58.6,26.1,3.4,5.7,367.3,渡邉　勇太朗,西武,87.8,2026,25,3
2.93,1.16,0.7,1.2,0.4,12.9,5.0,0.9,1.1,69.7,佐々木　健,西武,16.7,2026,26,2
3.08,1.17,2.0,1.9,8.1,27.3,9.2,1.6,2.6,145.1,オスナ,ソフトバンク,35.9,2026,33,3
3.23,1.24,2.4,3.7,1.0,43.7,17.2,2.0,3.3,217.9,梅津　晃大,中日,52.3,2026,29,2
2.01,1.01,8.8,4.1,2.0,125.2,35.6,3.5,8.2,514.4,モイネロ,ソフトバンク,130.8,2026,30,3
2.63,1.11,2.2,2.8,1.5,41.1,15.5,1.4,3.4,208.9,藤嶋　健人,中日,50.9,2026,27,3
3.16,1.25,1.3,1.1,0.7,17.4,6.9,0.7,1.6,92.6,澤田　圭佑,ロッテ,22.2,2026,31,3
2.78,1.17,1.2,0.8,0.4,14.5,5.6,0.7,1.2,75.5,長谷川　威展,ソフトバンク,18.0,2026,26,2
3.36,1.46,0.9,0.9,2.6,11.4,4.6,0.4,1.0,62.0,平野　佳寿,オリックス,14.5,2026,42,3
2.95,1.26,1.8,1.6,0.6,27.8,10.5,1.1,1.9,133.6,山田　修義,オリックス,32.0,2026,34,3
2.93,1.28,0.9,1.1,0.5,14.9,5.3,0.7,1.3,81.7,野村　祐輔,広島,19.6,2026,36,2
2.72,1.23,2.1,1.9,0.6,33.4,12.8,1.6,2.1,159.0,橋本　侑樹,中日,37.8,2026,28,3
2.15,1.04,12.1,7.6,2.7,149.2,39.3,6.2,7.3,662.3,山本　由伸,オリックス,164.0,2026,27,1
3.29,1.28,0.9,0.7,0.4,14.3,5.8,0.6,1.1,71.5,西村　天裕,ロッテ,17.0,2026,32,3
2.13,1.06,1.8,2.2,10.2,50.4,14.1,2.4,2.2,199.0,松山　晋也,中日,48.9,2026,25,3
2.79,1.16,1.0,0.7,0.5,13.6,5.4,0.7,1.2,76.3,岡留　英貴,阪神,18.3,2026,26,3
2.71,1.22,0.9,1.2,0.5,17.9,7.2,0.8,1.6,96.2,中村　祐太,西武,23.2,2026,30,3
1.93,1.08,2.3,1.6,2.7,41.6,12.0,1.3,2.0,194.4,石井　大智,阪神,48.3,2026,28,3
2.68,1.17,2.1,1.3,0.7,25.4,8.8,1.0,1.8,124.4,山本　拓実,日本ハム,29.9,2026,26,3
2.88,1.21,1.3,1.2,0.6,21.9,8.3,1.0,2.1,113.4,田村　伊知郎,西武,27.3,2026,31,3
3.33,1.36,1.0,1.4,0.5,18.7,7.8,0.7,1.8,102.8,本田　圭佑,オリックス,24.2,2026,32,3
2.71,1.15,2.9,3.1,10.0,52.2,16.1,1.7,3.8,235.3,松井　裕樹,楽天,57.3,2026,30,1
2.93,1.22,0.6,0.6,0.3,9.3,3.6,0.4,0.8,47.2,笠谷　俊介,ソフトバンク,11.3,2026,29,1
2.45,1.09,3.3,2.8,0.8,55.3,18.5,2.6,3.2,223.3,山下　舜平大,オリックス,54.1,2026,23,3
3.26,1.24,0.4,0.4,0.2,6.4,2.5,0.4,0.6,32.2,益田　武尚,広島,7.6,2026,27,3
2.62,1.16,1.9,1.6,0.6,27.5,8.7,1.0,2.0,124.6,高野　脩汰,ロッテ,30.0,2026,27,3
2.68,1.21,2.0,2.0,1.2,34.2,12.8,1.8,2.3,168.4,ウェンデルケン,DeNA,40.6,2026,33,2
2.88,1.23,1.6,1.2,0.4,15.3,6.0,0.9,1.3,87.7,島本　浩也,阪神,21.2,2026,33,3
2.93,1.29,1.6,1.4,1.6,26.1,11.1,0.7,1.6,118.3,バルドナード,巨人,28.2,2026,33,3
2.78,1.09,1.7,2.1,0.6,28.8,9.7,2.0,3.0,146.1,河野　竜生,日本ハム,35.8,2026,27,3
2.94,1.27,1.4,1.3,0.8,22.1,8.8,1.0,1.8,110.8,Ｋ．ケラー,阪神,26.3,2026,32,1
3.03,1.37,1.1,0.8,0.5,13.5,5.6,0.7,1.1,67.6,ターリー,楽天,16.0,2026,36,3
2.33,0.98,10.2,7.3,1.1,135.8,30.5,4.4,9.1,637.3,村上　頌樹,阪神,160.4,2026,27,3
2.63,1.19,2.7,3.2,16.1,45.9,15.0,1.3,3.0,223.0,岩崎　優,阪神,54.5,2026,34,3
2.7,1.18,1.5,1.4,0.8,23.4,10.6,1.0,1.7,109.7,宇田川　優希,オリックス,26.2,2026,27,2
2.41,1.0,7.3,5.0,1.4,109.5,27.7,5.5,4.2,415.1,佐々木　朗希,ロッテ,102.4,2026,24,2
2.51,1.13,2.5,1.7,0.9,41.5,13.0,2.0,1.9,197.6,桐敷　拓馬,阪神,47.7,2026,26,3
2.62,1.07,4.9,5.1,1.0,67.7,19.0,2.4,6.8,370.0,金村　尚真,日本ハム,91.3,2026,25,3
1.99,1.07,10.6,5.6,1.1,123.0,41.2,2.1,7.1,612.5,才木　浩人,阪神,151.0,2026,27,3
2.83,1.19,1.7,2.4,5.0,29.9,10.5,1.3,2.0,147.0,田口　麗斗,ヤクルト,35.5,2026,30,3
3.14,1.22,0.5,0.5,0.3,7.8,2.9,0.3,0.8,42.2,高田　孝一,楽天,10.0,2026,27,2
3.45,1.27,0.9,0.9,0.5,17.5,5.9,1.3,1.4,92.4,津留﨑　大成,楽天,21.7,2026,28,3
3.03,1.24,0.7,0.7,0.8,11.5,4.5,0.5,1.0,58.2,クリスキー,西武,14.0,2026,32,1
2.99,1.27,1.6,1.4,1.1,22.9,9.0,0.9,1.9,115.6,森脇　亮介,西武,27.7,2026,33,1
2.56,1.17,2.0,1.9,0.6,30.3,11.2,1.4,2.2,154.4,石川　達也,巨人,37.2,2026,27,3
2.35,1.08,13.1,6.3,1.2,132.8,29.7,4.8,13.1,687.3,東　克樹,DeNA,170.9,2026,30,3
3.17,1.24,2.5,2.2,0.7,33.3,12.6,1.2,2.2,156.0,勝野　昌慶,中日,37.2,2026,28,3
2.72,1.13,2.6,2.3,0.7,31.9,13.0,2.8,2.4,180.7,東　晃平,オリックス,43.5,2026,26,3
3.09,1.26,2.2,2.5,0.8,32.5,13.8,1.7,2.9,165.3,メンデス,巨人,39.8,2026,35,2
2.93,1.19,1.3,1.3,1.3,24.1,8.6,1.0,2.2,110.8,山﨑　颯一郎,オリックス,26.6,2026,27,3
3.06,1.27,1.6,2.6,2.1,32.2,9.8,1.5,3.0,154.7,中川　皓太,巨人,36.8,2026,32,3
3.22,1.29,1.7,1.5,0.5,23.5,9.6,1.2,2.4,123.4,上茶谷　大河,ソフトバンク,29.0,2026,29,3
3.11,1.28,0.7,0.9,0.4,12.1,5.8,0.7,1.0,69.1,水上　由伸,西武,16.3,2026,27,3
2.76,1.25,1.9,2.3,1.4,31.3,12.0,1.1,2.1,174.1,ペルドモ,オリックス,42.1,2026,32,3
3.1,1.21,1.1,1.2,0.6,21.1,7.4,1.0,1.8,112.6,生田目　翼,日本ハム,27.4,2026,31,3
2.83,1.22,9.9,9.6,1.2,104.7,42.5,3.8,11.7,685.7,床田　寛樹,広島,166.1,2026,31,3
2.7,1.12,1.7,1.3,0.6,22.9,7.7,0.8,2.0,116.6,小木田　敦也,オリックス,28.6,2026,27,2
3.29,1.36,2.7,2.2,1.1,36.9,14.0,1.8,3.0,186.4,アンダーソン,広島,45.0,2026,44,1
3.01,1.21,3.0,2.7,0.7,42.5,15.2,2.5,2.8,199.7,ビーズリー,阪神,48.0,2026,30,3
2.98,1.23,6.1,8.7,1.1,91.6,37.1,5.9,8.2,533.2,髙橋　光成,西武,127.5,2026,29,3
3.81,1.32,2.8,3.4,0.8,39.0,17.4,2.0,4.8,229.0,メヒア,中日,55.3,2026,40,3
2.21,1.04,3.0,2.5,0.9,40.4,13.6,1.5,2.6,181.4,及川　雅貴,阪神,44.7,2026,24,3
3.22,1.26,1.8,1.8,0.7,26.1,10.3,1.7,2.4,146.2,又吉　克樹,ソフトバンク,35.2,2026,35,2
3.28,1.37,0.6,0.5,0.3,8.4,3.1,0.5,0.8,44.4,比嘉　幹貴,オリックス,10.7,2026,43,2
3.11,1.21,0.8,0.9,0.5,15.7,6.2,0.7,2.0,79.8,菊地　吏玖,ロッテ,18.9,2026,25,3
2.79,1.11,9.3,5.1,1.1,79.0,22.5,4.5,7.7,492.3,大竹　耕太郎,阪神,122.0,2026,30,3
2.29,1.01,7.8,5.9,1.1,138.8,31.6,5.0,7.6,592.8,宮城　大弥,オリックス,146.5,2026,24,3
2.88,1.15,4.4,5.0,1.2,51.6,24.0,2.8,6.6,357.4,内　星龍,楽天,85.4,2026,23,3
3.0,1.34,6.3,4.8,1.0,62.8,30.9,4.5,6.7,410.5,藤井　聖,楽天,96.5,2026,29,3
2.31,1.06,9.7,6.6,1.1,159.5,54.9,7.4,8.7,643.9,今井　達也,西武,159.2,2026,27,3
3.07,1.23,2.4,1.9,1.0,35.6,11.9,1.6,2.4,169.0,山岡　泰輔,オリックス,40.3,2026,30,3
2.85,1.16,12.0,7.7,1.1,118.9,38.7,6.8,11.5,668.2,有原　航平,ソフトバンク,164.0,2026,33,3
2.51,1.14,4.7,3.4,1.3,52.2,19.6,1.6,2.9,234.4,島内　颯太郎,広島,57.1,2026,29,3
3.07,1.23,1.3,1.0,0.5,18.3,7.9,0.8,1.6,106.7,中村　稔弥,ロッテ,25.5,2026,29,3
2.88,1.18,1.8,2.7,7.1,36.2,10.4,1.5,2.5,173.5,森原　康平,DeNA,42.2,2026,34,3
2.41,1.14,2.8,2.6,1.4,54.7,18.1,2.5,3.0,212.5,藤井　皓哉,ソフトバンク,51.6,2026,29,3
2.7,1.13,9.8,7.8,1.1,122.8,43.7,4.4,10.8,612.9,戸郷　翔征,巨人,148.8,2026,25,3
2.82,1.19,0.9,0.8,0.4,13.4,5.2,1.0,1.1,70.2,田浦　文丸,ソフトバンク,16.7,2026,26,2
3.09,1.25,0.6,0.6,0.3,9.4,3.5,0.4,0.8,47.4,ブルワー,阪神,11.3,2026,33,1
3.14,1.14,5.4,4.6,1.0,62.7,20.1,2.4,7.0,400.0,伊藤　将司,阪神,98.0,2026,29,3
2.35,1.17,4.9,3.6,8.7,69.4,26.7,3.7,3.8,314.4,平良　海馬,西武,75.7,2026,26,3
2.91,1.22,3.3,1.8,0.9,31.7,14.4,1.1,2.1,163.2,渡辺　翔太,楽天,38.6,2026,25,3
2.63,1.1,4.9,3.6,0.9,56.5,17.6,2.2,6.7,312.4,大津　亮介,ソフトバンク,77.3,2026,27,3
3.09,1.25,4.1,6.0,1.0,69.2,29.4,3.3,5.0,395.7,柳　裕也,中日,95.0,2026,31,3
3.01,1.22,0.5,0.4,0.2,7.2,2.8,0.3,0.6,36.6,馬場　皐輔,巨人,8.8,2026,30,3
3.05,1.26,1.3,1.3,0.6,17.0,6.7,0.9,1.5,90.6,マーベル,日本ハム,21.7,2026,32,1
2.99,1.2,1.4,1.7,0.6,23.9,10.9,1.3,1.9,128.4,佐藤　隼輔,西武,30.6,2026,26,3
2.89,1.23,8.8,8.6,1.1,115.1,43.0,6.3,9.4,638.9,九里　亜蓮,オリックス,155.9,2026,34,3
2.33,1.07,8.9,8.3,1.1,134.5,45.2,5.8,7.6,636.7,髙橋　宏斗,中日,155.9,2026,23,3
2.83,1.2,1.8,2.0,0.8,28.9,11.9,1.7,2.5,145.5,甲斐野　央,西武,35.0,2026,29,3
2.95,1.18,1.0,1.4,0.6,20.4,7.0,0.7,1.9,98.9,中川　虎大,DeNA,23.7,2026,26,3
3.15,1.31,1.6,1.5,0.6,21.1,9.1,0.9,2.0,118.7,平井　克典,西武,28.2,2026,34,2
2.95,1.24,1.4,0.9,0.6,20.4,8.7,1.1,1.7,108.7,山本　大貴,ヤクルト,25.9,2026,30,3
2.73,1.25,0.7,0.7,0.3,12.0,5.5,0.5,0.9,63.8,福　敬登,中日,15.2,2026,33,3
3.29,1.32,1.7,1.7,0.8,26.0,11.0,1.2,2.3,134.0,加治屋　蓮,楽天,31.9,2026,34,3
3.14,1.32,4.3,4.7,11.6,61.9,23.2,2.5,4.7,334.5,則本　昂大,楽天,79.4,2026,35,3
2.71,1.16,2.3,1.9,0.6,24.2,11.1,1.8,2.5,156.6,鈴木　健矢,広島,37.8,2026,28,3
2.93,1.23,1.9,1.9,1.1,26.0,9.3,1.6,2.2,141.6,玉井　大翔,日本ハム,34.1,2026,33,2
3.21,1.41,1.1,1.3,0.5,18.8,7.5,0.8,1.7,96.4,宮西　尚生,日本ハム,22.7,2026,40,3
2.53,1.1,2.9,2.3,3.0,46.5,14.8,2.0,3.5,196.8,松本　裕樹,ソフトバンク,48.4,2026,29,3
3.2,1.27,5.0,5.3,1.0,65.3,22.9,3.3,5.5,374.4,西野　勇士,ロッテ,90.7,2026,35,3
3.0,1.25,1.1,1.3,0.5,18.8,7.1,1.0,1.7,94.7,阿部　翔太,オリックス,22.7,2026,33,3
2.97,1.27,1.4,1.1,0.5,18.6,6.9,0.9,1.4,98.9,岩貞　祐太,阪神,23.8,2026,34,3
2.85,1.11,2.5,1.9,0.7,33.1,11.3,2.0,4.0,163.6,船迫　大雅,巨人,40.2,2026,29,3
2.95,1.2,2.2,2.2,5.5,35.0,13.9,1.5,3.2,167.2,入江　大生,DeNA,39.8,2026,27,2
2.55,1.09,9.9,5.7,1.1,117.2,37.6,7.2,9.4,618.3,山﨑　伊織,巨人,151.5,2026,27,3
2.98,1.27,2.5,2.4,1.5,38.0,17.9,2.4,3.2,202.6,木澤　尚文,ヤクルト,47.4,2026,27,3
3.04,1.22,0.8,0.7,0.3,12.1,4.6,0.6,1.1,60.0,大道　温貴,広島,14.3,2026,27,3
2.86,1.19,1.8,1.6,0.6,25.6,8.3,1.8,2.0,138.0,中﨑　翔太,広島,33.4,2026,33,3
2.69,1.1,5.8,3.8,1.0,96.1,25.0,4.6,6.0,412.6,グリフィン,巨人,101.6,2026,30,3
3.39,1.3,2.3,3.1,0.9,34.3,13.1,2.1,3.0,185.8,上原　健太,日本ハム,43.9,2026,32,3
3.77,1.33,6.6,7.5,1.4,117.4,40.8,4.4,12.8,555.1,バウアー,DeNA,132.5,2026,35,2
2.74,1.17,1.5,1.8,2.1,27.0,10.1,1.2,2.0,133.5,鈴木　昭汰,ロッテ,32.2,2026,27,3
3.09,1.24,1.4,1.2,0.8,19.0,7.3,0.9,2.4,99.2,杉浦　稔大,日本ハム,24.0,2026,34,3
3.01,1.18,7.6,6.3,2.5,142.9,35.4,5.0,13.3,608.1,今永　昇太,DeNA,148.0,2026,32,1
2.88,1.23,2.1,1.5,3.3,30.5,13.5,1.0,2.6,160.1,矢崎　拓也,ヤクルト,38.7,2026,31,3
3.01,1.27,1.6,2.1,0.9,28.5,11.8,1.6,2.3,148.0,ティノコ,西武,35.0,2026,30,1
3.06,1.16,1.4,2.1,0.6,24.2,8.5,1.3,2.4,121.8,池田　隆英,日本ハム,29.6,2026,31,3
3.11,1.2,8.6,7.8,1.1,88.6,22.3,2.5,13.6,593.6,加藤　貴之,日本ハム,146.0,2026,33,3
3.09,1.17,0.8,0.7,0.3,10.9,4.7,0.7,0.9,55.9,根本　悠楓,日本ハム,13.2,2026,23,2
3.18,1.24,1.5,1.3,0.7,21.5,7.6,1.0,2.4,119.6,宋　家豪,楽天,28.9,2026,33,3
3.44,1.28,0.6,0.7,0.3,10.7,4.1,0.5,1.0,55.8,東妻　勇輔,ロッテ,13.2,2026,29,3
2.39,1.04,8.7,5.7,1.1,90.3,34.4,6.4,10.2,517.6,大関　友久,ソフトバンク,128.1,2026,28,3
2.65,1.11,2.0,3.5,11.8,50.2,16.7,1.7,3.5,216.5,栗林　良吏,広島,53.2,2026,29,3
2.99,1.19,1.4,1.1,0.6,20.4,8.4,0.9,1.9,105.9,岩下　大輝,ロッテ,25.5,2026,29,2
3.07,1.19,4.1,5.2,0.9,55.6,19.8,3.3,5.3,315.6,大貫　晋一,DeNA,76.4,2026,32,3
2.98,1.15,10.1,7.5,1.5,120.5,40.4,5.3,12.2,628.6,上沢　直之,ソフトバンク,154.2,2026,32,2
2.96,1.19,1.0,1.4,0.7,16.8,8.0,0.6,1.9,96.5,青山　美夏人,西武,23.0,2026,25,3
3.61,1.28,1.2,2.7,1.1,29.1,9.0,1.2,2.6,149.8,清水　昇,ヤクルト,35.2,2026,29,3
2.98,1.26,2.7,2.4,1.0,33.9,15.3,1.5,2.2,185.5,酒居　知史,楽天,44.6,2026,33,2
3.26,1.27,1.4,2.5,0.6,26.9,12.0,2.4,2.1,150.0,ボー・タカハシ,西武,35.3,2026,29,3
2.95,1.28,0.9,1.2,0.5,16.4,7.7,0.8,1.2,91.3,漆原　大晟,阪神,21.7,2026,29,3
3.03,1.28,1.1,1.1,0.6,17.8,7.7,1.0,1.5,93.2,佐々木　千隼,DeNA,22.1,2026,31,3
2.69,1.16,8.1,10.0,1.1,100.7,36.5,5.1,7.9,602.6,森下　暢仁,広島,146.9,2026,28,3
3.11,1.2,3.4,4.3,2.9,53.1,20.6,2.7,5.6,258.3,小澤　怜史,ヤクルト,62.2,2026,28,3
3.05,1.24,4.6,4.4,1.8,64.6,27.3,3.1,5.6,346.9,板東　湧梧,ソフトバンク,83.0,2026,30,1
3.01,1.24,2.7,2.5,1.1,37.1,14.8,3.0,3.1,200.5,安樂　智大,楽天,47.3,2026,29,1
3.73,1.39,6.7,7.2,1.1,76.0,27.5,3.6,10.4,516.7,岸　孝之,楽天,123.3,2026,41,3
3.23,1.23,6.2,6.3,1.0,79.4,27.4,2.1,8.4,434.2,田嶋　大樹,オリックス,103.8,2026,29,3
2.47,1.18,3.1,2.2,1.8,46.7,19.0,1.5,2.4,219.2,清水　達也,中日,52.8,2026,26,3
2.93,1.2,0.7,0.6,0.3,9.2,3.3,0.4,0.9,48.1,北浦　竜次,日本ハム,11.5,2026,26,2
3.25,1.21,3.6,4.1,1.2,58.9,17.2,2.5,4.6,307.4,カスティーヨ,オリックス,74.9,2026,37,2
3.33,1.27,0.8,0.8,0.4,12.9,5.5,0.7,1.2,67.4,フェリス,中日,16.0,2026,32,2
3.05,1.25,1.2,1.5,0.7,20.6,8.3,1.1,1.7,108.0,メネズ,日本ハム,25.7,2026,30,1
3.18,1.28,0.3,0.3,0.2,4.3,1.6,0.2,0.4,21.8,鍵谷　陽平,日本ハム,5.2,2026,35,2
3.61,1.31,1.2,1.4,0.5,21.9,8.7,1.7,2.0,107.8,坂本　光士郎,ロッテ,25.3,2026,31,3
3.2,1.25,5.6,5.3,2.0,76.4,26.9,4.3,7.4,418.1,ピーターズ,ヤクルト,100.7,2026,33,1
3.05,1.18,2.1,3.5,3.5,40.4,12.3,1.4,3.8,187.4,伊勢　大夢,DeNA,45.4,2026,28,3
3.66,1.39,3.7,3.4,1.0,46.8,16.2,2.3,4.6,240.5,和田　毅,ソフトバンク,57.9,2026,45,2
3.2,1.23,0.6,0.6,0.4,11.2,4.5,0.5,1.1,58.3,吉田　凌,ロッテ,13.8,2026,28,2
3.18,1.22,2.4,2.6,0.7,33.5,13.2,2.1,3.7,201.0,アドゥワ　誠,広島,47.5,2026,27,3
3.02,1.2,8.4,5.8,1.1,76.6,27.1,3.5,11.2,525.2,山﨑　福也,日本ハム,128.1,2026,33,3
2.99,1.19,0.5,0.5,0.2,7.4,2.9,0.3,0.8,38.1,松井　颯,巨人,9.0,2026,25,2
2.89,1.2,0.7,0.5,0.3,9.1,4.2,0.7,0.7,51.1,伊藤　茉央,中日,12.1,2026,25,3
3.11,1.26,5.1,7.0,1.0,59.6,28.4,3.9,7.0,436.1,松葉　貴大,中日,106.2,2026,35,3
2.69,1.17,2.1,2.2,2.0,42.4,16.2,1.4,2.7,184.4,鈴木　翔天,楽天,44.6,2026,29,3
3.35,1.3,0.7,0.9,0.4,13.1,6.2,0.8,1.1,72.6,阪口　皓亮,ヤクルト,17.0,2026,26,3
3.07,1.2,5.1,7.4,1.8,86.0,35.4,3.1,9.6,500.1,メルセデス,ロッテ,122.0,2026,32,2
3.3,1.2,3.5,3.7,0.9,59.0,25.1,3.1,4.7,290.1,荘司　康誠,楽天,69.1,2026,25,3
2.66,1.15,8.8,5.8,1.5,91.9,24.1,4.1,8.1,494.6,菅野　智之,巨人,122.8,2026,36,2
3.71,1.3,4.8,5.4,1.0,61.1,20.5,2.1,7.7,372.6,小川　泰弘,ヤクルト,89.3,2026,35,3
2.61,1.17,6.0,5.2,1.4,85.8,39.4,3.6,6.8,424.4,スチュワート・ジュニア,ソフトバンク,101.7,2026,26,2
2.93,1.27,1.8,1.8,4.0,36.0,13.5,1.5,3.0,168.8,星　知弥,ヤクルト,40.4,2026,31,3
3.23,1.23,1.1,0.9,0.4,16.2,6.8,0.9,1.3,86.0,梅野　雄吾,中日,20.3,2026,27,3
3.18,1.23,1.2,1.5,0.5,18.5,7.5,1.0,2.0,105.0,門別　啓人,阪神,24.6,2026,21,3
2.87,1.09,4.4,6.5,1.0,69.8,19.0,3.7,8.1,376.1,赤星　優志,巨人,92.7,2026,26,3
2.91,1.16,1.5,1.5,0.6,22.2,7.5,0.8,1.8,100.0,菊地　大稀,巨人,24.1,2026,26,2
2.31,1.08,6.5,4.3,1.0,97.5,34.9,3.6,7.1,429.8,北山　亘基,日本ハム,105.8,2026,26,3
2.91,1.15,8.5,7.8,1.1,147.2,44.7,6.9,10.2,624.8,種市　篤暉,ロッテ,150.2,2026,27,3
2.79,1.11,9.2,9.7,1.1,141.5,38.7,4.2,11.4,651.1,隅田　知一郎,西武,159.1,2026,26,3
3.08,1.18,6.0,6.7,1.0,95.5,28.5,2.6,9.8,454.8,早川　隆久,楽天,109.4,2026,27,3
2.96,1.15,10.3,7.8,1.7,144.5,43.1,5.6,12.4,687.3,伊藤　大海,日本ハム,166.5,2026,28,2
3.46,1.26,9.5,8.8,1.1,114.3,48.0,5.3,15.4,645.4,小島　和哉,ロッテ,154.4,2026,29,3
3.51,1.25,2.4,4.6,0.8,43.4,20.6,2.1,6.4,240.9,松本　航,西武,57.1,2026,29,3
2.91,1.18,2.9,2.4,0.7,40.1,11.4,1.1,3.5,195.6,平良　拳太郎,DeNA,47.6,2026,30,3
2.63,1.17,2.4,2.6,9.7,43.0,14.3,1.8,3.5,198.7,田中　正義,日本ハム,48.0,2026,31,3
2.94,1.24,2.4,2.0,0.8,30.8,12.4,2.6,2.4,149.4,津森　宥紀,ソフトバンク,35.2,2026,28,3
2.55,1.08,1.6,1.5,1.2,21.0,7.0,1.2,1.5,104.4,中森　俊介,ロッテ,25.3,2026,23,3
3.09,1.25,3.9,3.9,0.9,46.3,17.2,3.3,4.2,293.5,西　勇輝,阪神,70.6,2026,35,3
3.5,1.38,1.2,1.4,0.5,19.6,7.5,0.9,2.2,112.9,祖父江　大輔,中日,26.9,2026,38,3
3.18,1.19,6.7,10.3,1.6,110.9,35.5,4.7,11.0,629.7,小笠原　慎之介,中日,151.3,2026,28,2
2.4,1.17,3.8,2.5,1.8,38.2,14.2,2.2,2.7,218.1,大西　広樹,ヤクルト,53.0,2026,28,3
2.99,1.21,0.3,0.3,0.1,4.1,1.5,0.2,0.4,20.9,本前　郁也,ロッテ,5.0,2026,28,1
3.08,1.24,6.7,8.3,1.1,100.0,40.7,3.5,10.0,582.4,大瀬良　大地,広島,140.2,2026,34,3
4.16,1.38,3.3,4.2,1.1,49.6,17.3,3.1,4.5,262.5,ポンセ,楽天,60.4,2026,31,2
3.99,1.36,5.2,7.5,1.5,98.0,34.9,4.4,12.9,540.8,サイスニード,ヤクルト,126.4,2026,33,2
3.11,1.13,3.5,4.4,0.9,42.0,17.5,4.0,6.5,279.8,與座　海人,西武,67.9,2026,30,3
3.41,1.26,1.7,2.9,8.7,30.4,11.0,1.5,2.9,149.6,益田　直也,ロッテ,35.8,2026,36,3
3.08,1.27,0.8,0.7,0.4,11.9,4.8,0.5,0.9,60.0,ケムナ　誠,広島,14.3,2026,30,2
3.17,1.24,1.2,1.3,0.5,19.3,9.2,1.3,2.2,115.8,今野　龍太,楽天,27.5,2026,30,3
3.15,1.27,0.7,0.7,0.4,12.2,4.8,0.7,1.0,65.9,今村　信貴,巨人,15.7,2026,32,2
3.51,1.26,3.6,5.5,0.9,43.3,18.0,2.9,5.8,291.6,瀧中　瞭太,楽天,69.2,2026,31,3
3.06,1.21,2.0,1.8,0.7,25.6,11.3,1.3,2.9,147.0,西　純矢,阪神,34.8,2026,24,2
3.08,1.2,5.7,6.7,1.0,84.5,24.9,3.8,5.1,399.6,曽谷　龍平,オリックス,95.5,2026,25,3
3.79,1.34,1.2,1.5,0.5,18.4,9.4,0.8,1.8,101.3,松井　友飛,楽天,23.5,2026,26,3
3.1,1.25,0.8,0.9,0.5,13.5,5.2,0.6,1.2,68.5,椎野　新,ソフトバンク,16.3,2026,30,1
2.77,1.17,1.5,1.1,0.5,22.1,9.1,0.8,1.5,109.6,宮城　滝太,DeNA,26.3,2026,25,3
2.94,1.16,0.7,0.8,0.4,11.3,4.5,0.5,1.1,58.3,直江　大輔,巨人,14.0,2026,25,1
3.27,1.28,2.2,2.4,1.1,37.4,14.6,1.8,2.8,192.8,武田　翔太,ソフトバンク,46.0,2026,32,1
2.79,1.16,3.0,2.7,0.8,38.8,16.6,2.2,4.4,239.0,横川　凱,巨人,58.1,2026,25,3
3.11,1.2,1.0,1.2,0.4,15.9,5.6,0.7,1.8,87.8,平内　龍太,巨人,21.1,2026,27,3
3.5,1.28,3.3,4.6,1.1,56.0,18.6,2.4,6.3,286.7,石田　健大,DeNA,68.9,2026,33,2
3.79,1.37,4.1,6.3,0.9,59.3,23.6,3.5,5.5,346.0,涌井　秀章,中日,82.5,2026,39,3
4.67,1.55,1.9,3.1,0.7,23.5,9.8,1.4,3.9,170.5,石川　雅規,ヤクルト,39.8,2026,46,3
3.3,1.29,2.2,3.4,1.4,39.4,16.0,2.3,3.8,209.7,ビーディ,巨人,49.7,2026,32,1
3.26,1.19,1.2,1.1,0.5,20.8,6.8,0.7,2.3,96.2,尾形　崇斗,ソフトバンク,22.8,2026,26,3
2.99,1.2,0.9,0.8,0.4,17.5,7.2,0.8,1.5,88.6,丸山　翔大,ヤクルト,21.1,2026,27,3
3.44,1.39,0.3,0.4,0.2,5.3,2.1,0.2,0.5,28.0,ロペス,巨人,6.7,2026,42,1
3.09,1.26,1.6,1.7,0.7,24.9,10.7,1.5,2.4,138.1,鈴木　博志,オリックス,32.9,2026,29,2
3.03,1.28,1.8,2.3,1.0,33.2,12.0,1.4,2.8,166.4,ロドリゲス,日本ハム,39.9,2026,34,2
2.85,1.16,1.0,0.8,0.4,14.5,6.1,0.8,1.3,71.9,大江　竜聖,ソフトバンク,17.4,2026,27,3
3.16,1.24,0.6,0.6,0.3,8.9,3.3,0.4,0.8,45.7,田中　豊樹,巨人,11.0,2026,32,1
3.28,1.3,0.6,0.6,0.3,8.9,3.2,0.4,0.8,45.9,田中　健二朗,DeNA,11.0,2026,36,1
3.85,1.33,5.1,5.4,1.0,72.8,32.5,5.0,8.7,405.4,石川　柊太,ロッテ,95.6,2026,34,3
3.69,1.28,3.2,3.2,0.8,43.4,16.0,1.7,6.2,237.9,山野　太一,ヤクルト,56.1,2026,27,3
3.19,1.3,1.7,1.6,0.5,25.2,11.1,1.5,2.1,122.0,高梨　雄平,巨人,28.8,2026,33,3
3.16,1.24,7.0,5.8,1.0,87.5,29.7,2.7,10.0,484.8,吉村　貢司郎,ヤクルト,115.4,2026,28,3
3.2,1.27,0.4,0.5,0.2,6.7,2.7,0.3,0.7,35.0,松本　竜也,広島,8.3,2026,32,3
3.48,1.28,1.7,2.8,3.1,25.8,8.8,1.2,3.1,126.8,山﨑　康晃,DeNA,30.1,2026,33,3
3.38,1.24,0.9,1.2,0.4,13.5,5.7,0.6,1.6,73.9,遠藤　淳志,広島,17.4,2026,26,3
3.5,1.3,2.3,2.5,4.1,36.6,12.0,1.6,2.9,177.9,石山　泰稚,ヤクルト,42.5,2026,37,3
2.89,1.18,1.8,2.0,1.4,22.4,9.3,1.1,1.9,115.3,湯浅　京己,阪神,27.7,2026,26,2
2.72,1.15,2.1,2.5,3.5,50.3,17.4,1.6,4.4,219.2,藤平　尚真,楽天,53.0,2026,27,3
3.46,1.35,3.4,3.9,1.5,50.1,22.5,2.9,4.9,275.1,ガゼルマン,DeNA,64.7,2026,32,1
3.42,1.35,2.9,4.1,1.0,48.7,23.3,1.6,4.2,252.8,濵口　遥大,DeNA,59.2,2026,31,2
2.49,1.09,3.4,2.4,7.1,43.6,12.3,1.8,3.0,186.1,大勢,巨人,45.0,2026,26,3
2.95,1.17,1.0,1.0,0.5,16.1,6.2,0.7,1.3,84.3,上田　洸太朗,中日,20.0,2026,23,1
2.61,1.1,1.1,1.2,0.5,18.5,6.4,0.9,1.5,105.6,富田　蓮,阪神,25.6,2026,24,3
3.11,1.23,0.5,0.5,0.3,8.2,2.9,0.4,0.8,41.7,古川　侑利,ソフトバンク,10.0,2026,30,1
3.11,1.28,0.3,0.4,0.2,4.9,1.9,0.2,0.4,25.3,笠原　祥太郎,DeNA,6.0,2026,31,1
3.56,1.3,3.7,3.2,0.8,42.5,14.2,1.2,4.4,238.7,東浜　巨,ソフトバンク,57.1,2026,35,3
3.34,1.2,4.2,4.6,0.9,59.2,19.4,2.5,7.0,322.0,森　翔平,広島,76.8,2026,28,3
3.35,1.28,1.8,1.6,0.8,26.3,10.3,1.3,2.8,132.8,エスコバー,DeNA,31.7,2026,33,1
3.81,1.39,1.0,1.7,0.5,16.5,6.8,0.8,2.0,97.8,辛島　航,楽天,23.0,2026,35,2
2.59,1.15,2.1,2.2,1.0,39.0,11.8,1.0,3.1,166.2,西口　直人,楽天,40.5,2026,29,2
3.93,1.38,2.7,3.1,0.8,36.3,18.1,3.8,3.5,219.6,青柳　晃洋,ヤクルト,51.0,2026,32,3
3.36,1.28,4.7,5.5,0.9,72.2,28.4,4.0,8.6,347.4,高橋　奎二,ヤクルト,81.5,2026,28,3
4.05,1.36,1.2,1.3,0.4,16.7,5.8,0.9,1.7,87.9,森　唯斗,DeNA,20.6,2026,34,3
3.34,1.33,0.8,0.9,0.4,12.4,4.9,0.9,1.1,65.9,三上　朋也,巨人,15.7,2026,36,1
3.14,1.23,0.7,0.8,0.4,11.1,4.2,0.5,1.0,57.2,砂田　毅樹,中日,13.7,2026,30,1
3.29,1.31,1.1,1.0,0.6,16.7,7.3,0.7,1.7,90.3,戸根　千明,広島,21.3,2026,33,1
2.96,1.23,1.0,1.1,0.4,17.4,6.3,0.9,1.2,87.5,小野　郁,ロッテ,20.8,2026,29,3
3.48,1.32,2.4,4.0,0.8,51.3,16.9,2.3,5.7,261.3,高梨　裕稔,ヤクルト,62.3,2026,34,3
4.17,1.44,1.3,2.1,0.6,22.2,9.5,1.0,2.8,124.9,美馬　学,ロッテ,29.2,2026,39,3
3.83,1.44,0.7,0.6,0.3,8.6,3.7,0.4,0.9,46.3,三嶋　一輝,DeNA,10.7,2026,35,3
3.69,1.35,0.7,0.7,0.3,10.9,4.4,0.5,1.0,54.3,田島　慎二,中日,12.9,2026,36,2
4.38,1.46,3.0,3.9,0.8,38.4,17.7,1.9,4.9,237.9,田中　将大,巨人,55.2,2026,37,3
3.62,1.4,1.4,1.6,0.9,21.1,11.3,1.2,2.2,116.9,澤村　拓一,ロッテ,27.6,2026,37,3
3.26,1.15,4.3,4.7,0.9,59.8,15.9,2.6,4.8,306.6,玉村　昇悟,広島,73.5,2026,24,3
3.21,1.23,0.6,0.8,0.3,10.0,4.5,0.5,1.0,52.1,仲地　礼亜,中日,12.3,2026,25,3
3.34,1.28,1.2,1.6,0.6,21.4,9.1,1.0,1.8,117.7,コルニエル,広島,27.9,2026,30,2
3.29,1.29,0.6,0.7,0.3,10.3,3.9,0.5,0.9,51.7,近藤　大亮,オリックス,12.3,2026,34,1
3.15,1.25,0.7,0.8,0.4,11.2,4.4,0.6,1.1,59.0,髙橋　優貴,巨人,14.0,2026,29,1
3.09,1.3,1.1,1.0,0.6,21.9,7.9,1.5,1.5,103.5,塹江　敦哉,広島,24.1,2026,29,3
3.73,1.36,1.8,1.6,0.6,21.9,7.9,0.8,2.7,123.5,福谷　浩司,日本ハム,29.1,2026,35,3
3.64,1.31,2.5,4.4,1.3,40.8,17.5,2.7,4.3,227.5,エンス,西武,54.0,2026,34,1
3.41,1.29,0.4,0.4,0.2,6.1,2.5,0.3,0.6,33.1,尾仲　祐哉,ヤクルト,7.9,2026,31,2
3.68,1.37,0.4,0.4,0.2,6.1,2.3,0.3,0.5,32.3,嘉弥真　新也,ヤクルト,7.6,2026,36,2
2.68,1.08,2.5,2.7,3.8,40.3,14.7,2.9,2.9,195.6,横山　陸人,ロッテ,47.3,2026,24,3
2.97,1.16,0.8,0.8,0.5,13.6,5.0,0.7,1.2,70.0,代木　大和,巨人,16.7,2026,22,1
3.06,1.23,0.5,0.5,0.3,8.0,3.2,0.4,0.7,42.1,大曲　錬,西武,10.0,2026,27,1
2.88,1.23,1.0,1.3,0.5,19.1,8.6,1.0,1.9,102.9,田中　瑛斗,巨人,24.5,2026,26,3
3.56,1.3,0.7,0.7,0.3,11.0,4.6,0.7,0.8,59.1,井口　和朋,オリックス,14.0,2026,32,3
3.22,1.27,0.3,0.3,0.1,4.1,1.6,0.2,0.4,20.8,エスピナル,ヤクルト,5.0,2026,34,1
3.02,1.2,0.2,0.2,0.1,2.7,1.0,0.2,0.2,13.9,成田　翔,ヤクルト,3.3,2026,28,1
3.71,1.35,1.3,1.6,2.2,17.5,6.2,0.9,1.8,95.3,増田　達至,西武,22.6,2026,37,2
3.15,1.18,0.9,0.9,0.4,14.3,5.4,0.5,1.2,68.5,田中　千晴,巨人,16.3,2026,25,2
3.69,1.31,1.2,1.0,0.5,18.7,6.9,1.0,1.5,98.6,弓削　隼人,楽天,23.2,2026,31,2
3.34,1.22,1.1,1.1,0.6,17.9,6.1,1.1,1.7,91.8,岡野　祐一郎,中日,22.0,2026,31,1
3.26,1.25,0.5,0.6,0.3,7.9,3.0,0.3,0.8,41.0,廣畑　敦也,ロッテ,9.7,2026,28,3
3.06,1.23,2.0,1.6,0.6,29.8,11.0,1.3,2.5,154.4,坂本　裕哉,DeNA,36.7,2026,28,3
3.61,1.32,2.7,3.2,1.4,41.1,15.3,1.6,3.3,185.5,ワゲスパック,オリックス,43.7,2026,32,1
3.39,1.3,0.8,0.9,0.5,13.6,5.0,0.8,1.4,71.6,ガンケル,ソフトバンク,17.0,2026,34,1
3.2,1.16,0.8,0.7,0.4,12.0,4.1,0.5,1.5,63.5,浜地　真澄,DeNA,15.3,2026,27,3
3.21,1.22,0.8,0.8,0.5,12.4,4.5,0.6,1.1,64.2,石川　直也,日本ハム,15.3,2026,29,1
3.41,1.3,1.0,1.0,0.5,15.5,5.3,0.7,1.5,77.1,コットン,オリックス,18.3,2026,34,1
3.33,1.22,1.7,2.1,0.8,27.1,9.8,1.4,2.4,139.8,森　遼大朗,ロッテ,33.0,2026,26,1
3.16,1.28,0.3,0.3,0.2,4.7,2.0,0.3,0.4,25.3,小野　泰己,オリックス,6.0,2026,31,1
3.03,1.2,0.3,0.3,0.2,4.9,1.8,0.2,0.5,25.1,立野　和明,日本ハム,6.0,2026,27,1
3.05,1.25,0.2,0.2,0.1,2.4,0.9,0.1,0.2,12.6,久保　拓眞,ヤクルト,3.0,2026,29,1
2.62,1.21,1.9,1.8,2.9,37.1,15.0,1.8,2.4,174.1,森浦　大輔,広島,41.5,2026,27,3
3.19,1.22,0.3,0.3,0.2,4.4,1.8,0.2,0.4,23.4,村西　良太,オリックス,5.6,2026,28,2
3.3,1.2,1.6,1.2,0.6,22.7,7.9,0.9,2.1,111.7,本田　仁海,オリックス,26.6,2026,26,2
3.27,1.25,0.9,0.8,0.5,13.9,4.9,0.6,1.2,70.1,宮内　春輝,日本ハム,16.7,2026,29,1
3.49,1.31,0.9,1.2,0.4,15.7,7.0,0.6,1.3,81.9,黒木　優太,西武,19.4,2026,31,3
3.54,1.27,1.4,1.4,0.7,22.6,8.8,1.3,2.4,115.1,鈴木　康平,巨人,27.3,2026,32,1
3.2,1.27,0.2,0.2,0.1,3.2,1.2,0.2,0.3,16.8,宮國　椋丞,DeNA,4.0,2026,33,1
3.27,1.24,1.1,1.1,0.4,14.4,4.4,0.7,1.5,75.8,唐川　侑己,ロッテ,18.3,2026,36,3
2.85,1.19,2.8,2.7,0.7,40.5,12.5,2.2,3.0,188.9,松本　晴,ソフトバンク,45.0,2026,25,3
3.44,1.33,0.5,0.5,0.3,7.4,3.1,0.4,0.7,39.6,宮川　哲,ヤクルト,9.3,2026,30,2
2.82,1.19,0.7,0.6,0.3,9.8,3.6,0.4,0.7,48.0,横山　楓,オリックス,11.6,2026,28,2
3.37,1.3,0.5,0.5,0.3,7.9,3.0,0.4,0.7,40.5,東條　大樹,ロッテ,9.7,2026,34,1
3.37,1.3,0.5,0.5,0.3,7.8,2.8,0.4,0.7,40.6,秋山　拓巳,阪神,9.7,2026,34,1
3.82,1.31,0.7,0.7,0.3,10.4,4.7,0.7,0.9,57.1,宮森　智志,楽天,13.2,2026,27,3
3.05,1.17,1.3,1.5,0.5,20.2,8.7,1.1,2.2,113.0,堀田　賢慎,巨人,27.2,2026,24,3
3.22,1.17,0.7,0.8,0.4,11.1,4.2,0.8,1.2,58.8,市川　悠太,ヤクルト,14.0,2026,25,1
3.53,1.38,0.3,0.3,0.2,4.3,1.7,0.2,0.4,22.4,谷元　圭介,中日,5.3,2026,41,1
3.15,1.2,0.4,0.4,0.2,5.6,2.1,0.3,0.5,29.3,小沼　健太,ロッテ,7.0,2026,27,1
3.19,1.24,0.3,0.3,0.1,4.1,1.5,0.2,0.3,21.0,鍬原　拓也,巨人,5.0,2026,30,1
3.25,1.27,0.3,0.3,0.1,4.0,1.5,0.2,0.4,20.9,張　奕,西武,5.0,2026,32,1
3.5,1.26,0.2,0.2,0.1,3.8,1.4,0.2,0.4,19.0,堀　瑞輝,日本ハム,4.5,2026,27,3
3.03,1.22,0.1,0.1,0.1,1.7,0.6,0.1,0.1,8.5,小孫　竜二,楽天,2.0,2026,28,3
3.25,1.27,0.2,0.2,0.1,3.2,1.2,0.2,0.3,16.8,薮田　和樹,広島,4.0,2026,33,1
3.38,1.31,0.2,0.2,0.1,3.3,1.2,0.2,0.3,16.7,塩見　貴洋,楽天,4.0,2026,37,1
3.02,1.2,1.5,1.0,0.6,19.5,7.6,1.4,1.6,102.9,吉田　輝星,オリックス,24.5,2026,25,2
3.12,1.24,0.1,0.1,0.0,0.8,0.3,0.0,0.1,4.2,北村　拓己,ヤクルト,1.0,2026,30,2
3.1,1.21,0.7,0.7,0.5,12.4,4.4,0.6,1.4,62.5,河野　佳,広島,14.8,2026,24,2
3.32,1.3,0.3,0.3,0.1,3.7,1.5,0.2,0.3,19.6,公文　克彦,西武,4.7,2026,34,1
3.23,1.28,0.2,0.3,0.1,3.5,1.3,0.2,0.3,18.2,竹安　大知,オリックス,4.3,2026,31,1
3.26,1.25,0.3,0.3,0.2,4.9,1.9,0.2,0.5,25.2,ニックス,オリックス,6.0,2026,30,1
3.0,1.17,2.2,2.1,0.8,35.8,13.0,1.6,2.4,166.1,黒原　拓未,広島,39.5,2026,26,2
3.52,1.31,1.6,1.8,0.7,22.4,10.8,1.2,2.5,134.4,高橋　礼,巨人,31.7,2026,30,2
3.2,1.16,4.4,4.9,0.9,73.0,20.1,2.5,7.4,340.5,井上　温大,巨人,81.3,2026,24,3
2.99,1.16,0.2,0.2,0.1,2.7,1.0,0.1,0.2,14.0,福島　章太,中日,3.3,2026,23,1
3.03,1.26,0.4,0.4,0.2,7.3,2.7,0.3,0.6,35.0,堀岡　隼人,DeNA,8.2,2026,27,3
3.26,1.25,0.5,0.4,0.2,7.7,3.1,0.4,0.8,40.1,長谷川　宙輝,ヤクルト,9.4,2026,27,3
3.16,1.22,0.9,0.7,0.5,15.0,5.8,1.2,1.2,76.7,泉　圭輔,巨人,18.2,2026,29,3
3.69,1.27,0.6,0.7,0.3,12.6,4.3,0.7,1.3,64.3,八木　彬,ロッテ,15.1,2026,28,3
3.43,1.3,0.2,0.2,0.1,2.7,1.0,0.1,0.2,14.0,石橋　良太,楽天,3.3,2026,34,1
2.98,1.16,1.6,1.8,1.0,32.9,9.8,2.2,1.9,136.4,ヘルナンデス,ソフトバンク,33.0,2026,29,3
3.08,1.19,0.1,0.1,0.0,0.8,0.3,0.0,0.1,4.2,三浦　銀二,DeNA,1.0,2026,26,1
3.15,1.25,0.5,0.5,0.3,8.9,3.9,0.4,0.7,44.9,近藤　廉,中日,10.6,2026,27,2
3.46,1.31,0.0,0.0,0.0,0.5,0.2,0.0,0.0,2.8,バニュエロス,楽天,0.7,2026,35,1
3.01,1.19,2.3,1.5,0.7,27.3,10.8,1.6,2.3,130.5,西垣　雅矢,楽天,30.9,2026,26,3
3.31,1.22,0.3,0.3,0.2,5.0,2.0,0.3,0.4,25.5,長谷部　銀次,広島,6.1,2026,27,2
2.84,1.15,1.6,1.5,0.6,22.7,9.0,1.8,2.0,125.4,前田　純,ソフトバンク,29.9,2026,25,2
3.18,1.3,1.1,1.2,0.5,15.9,7.8,0.9,1.6,88.4,三浦　瑞樹,中日,20.6,2026,26,2
2.35,0.99,4.1,2.3,1.0,52.1,14.9,1.5,4.2,249.8,達　孝太,日本ハム,62.0,2026,22,2
2.83,1.17,0.2,0.2,0.1,3.7,1.4,0.2,0.3,19.4,ディアス,DeNA,4.7,2026,26,1
3.12,1.16,0.2,0.2,0.1,2.8,1.0,0.2,0.3,15.1,杉山　遙希,西武,3.6,2026,20,2
2.72,1.1,1.5,1.3,0.6,20.4,7.7,0.9,1.8,107.1,髙　太一,広島,26.1,2026,24,2
2.87,1.16,0.1,0.1,0.0,0.8,0.3,0.0,0.1,4.2,大谷　輝龍,ロッテ,1.0,2026,25,1
2.84,1.16,1.1,1.0,0.6,15.8,5.7,0.8,1.3,82.2,高橋　昂也,広島,19.9,2026,27,2
2.68,1.1,0.2,0.2,0.1,2.6,1.0,0.1,0.2,13.4,坂井　陽翔,楽天,3.2,2026,20,2
2.7,1.1,0.1,0.1,0.0,0.8,0.3,0.0,0.1,4.2,日當　直喜,楽天,1.0,2026,20,2
2.87,1.17,0.1,0.1,0.0,0.8,0.3,0.0,0.1,4.2,川原　陸,阪神,1.0,2026,25,1
2.93,1.18,0.1,0.1,0.0,0.8,0.3,0.0,0.1,4.2,佐藤　蓮,阪神,1.0,2026,27,1
2.61,1.2,1.8,1.4,0.6,25.4,10.7,1.1,1.9,127.2,古田島　成龍,オリックス,30.5,2026,26,2
2.75,1.18,0.4,0.4,0.2,6.3,2.3,0.4,0.5,32.0,伊藤　優輔,ソフトバンク,7.7,2026,29,2
2.86,1.18,0.4,0.4,0.3,6.6,2.5,0.3,0.6,33.1,ザバラ,日本ハム,8.0,2026,29,2
2.91,1.21,1.7,2.1,2.9,37.9,12.8,1.7,2.7,182.1,ハーン,広島,43.9,2026,31,2
2.6,1.1,0.6,0.6,0.4,10.6,3.6,0.4,0.8,51.2,木村　光,ソフトバンク,12.5,2026,25,2
2.68,1.14,2.5,1.7,0.7,33.4,9.3,1.1,2.3,152.5,髙橋　遥人,阪神,37.3,2026,30,2
2.84,1.15,2.1,2.1,1.0,43.3,16.6,1.1,4.0,190.4,ケラー,巨人,46.6,2026,32,2
2.93,1.22,1.2,1.8,2.5,23.2,8.2,0.8,1.8,117.8,ゲラ,阪神,28.4,2026,30,2
2.39,1.13,3.3,2.7,9.2,59.8,19.7,3.7,3.4,240.3,杉山　一樹,ソフトバンク,58.1,2026,28,2
3.09,1.31,0.6,0.6,0.3,9.1,3.6,0.4,0.9,46.1,ダイクストラ,ロッテ,11.0,2026,35,1
2.5,1.18,1.7,1.9,1.5,30.9,11.9,1.3,2.2,154.8,齋藤　友貴哉,日本ハム,37.6,2026,31,2
2.51,1.09,2.5,3.0,0.9,45.4,16.3,1.4,3.4,212.5,田中　晴也,ロッテ,51.3,2026,21,2
3.02,1.23,0.5,0.5,0.3,7.7,3.0,0.4,0.7,41.5,原　樹理,ヤクルト,10.0,2026,32,1
2.82,1.24,1.3,1.2,0.6,18.3,8.1,0.8,1.4,94.4,京山　将弥,DeNA,22.3,2026,27,1
2.71,1.2,3.4,3.7,12.5,52.9,16.5,2.1,2.3,225.3,マチャド,オリックス,54.4,2026,32,2
3.0,1.1,6.2,5.4,1.2,76.2,24.0,3.3,6.4,409.9,武内　夏暉,西武,99.8,2026,24,2
2.78,1.16,0.2,0.2,0.1,3.3,1.3,0.2,0.3,16.8,松浦　慶斗,日本ハム,4.0,2026,22,1
2.79,1.14,0.4,0.3,0.2,5.3,2.1,0.2,0.4,26.6,滝田　一希,広島,6.4,2026,24,2
3.05,1.29,2.5,3.2,8.0,38.1,15.9,2.2,2.9,203.7,アブレイユ,西武,49.0,2026,36,1
2.83,1.21,1.5,1.5,0.7,21.8,9.7,0.9,1.9,122.7,徳山　壮磨,DeNA,29.3,2026,26,1
3.62,1.24,1.2,1.3,0.4,15.5,5.3,1.2,1.3,83.3,常廣　羽也斗,広島,19.3,2026,24,2
2.57,1.18,3.2,1.8,2.1,41.0,13.8,1.9,2.4,179.5,ウィック,DeNA,43.7,2026,33,2
2.86,1.27,6.3,8.0,1.3,113.0,44.6,5.3,4.8,555.2,エスピノーザ,オリックス,131.4,2026,28,2
3.27,1.23,0.9,1.2,0.5,15.2,7.0,0.8,1.5,91.2,上田　大河,西武,21.5,2026,24,2
3.34,1.29,3.7,4.6,1.0,52.3,21.6,3.1,6.5,303.5,奥川　恭伸,ヤクルト,70.1,2026,24,2
2.77,1.19,1.0,1.2,0.4,16.2,7.1,1.1,1.1,81.3,羽田　慎之介,西武,19.1,2026,22,2
2.95,1.31,8.8,7.3,1.4,115.9,50.2,7.1,9.2,614.2,ジャクソン,DeNA,147.3,2026,38,2
2.79,1.2,0.4,0.4,0.2,6.2,2.5,0.3,0.6,33.7,畠　世周,阪神,8.2,2026,31,2
3.68,1.27,2.2,2.2,0.7,29.9,9.8,1.4,3.3,152.1,バーヘイゲン,日本ハム,36.6,2026,35,2
2.78,1.17,1.4,1.4,0.8,23.2,10.0,1.2,1.9,123.2,大山　凌,ソフトバンク,29.3,2026,24,2
3.09,1.22,1.9,2.1,0.9,31.1,12.2,1.8,2.6,160.6,マーフィー,日本ハム,38.7,2026,30,1
3.17,1.25,0.3,0.3,0.2,5.6,2.3,0.4,0.5,30.3,富山　凌雅,オリックス,7.1,2026,28,2
3.39,1.32,4.1,6.6,1.2,63.0,30.1,4.1,5.2,399.5,ヤフーレ,楽天,93.2,2026,27,2
2.94,1.16,0.7,0.6,0.3,8.7,3.2,0.5,0.7,44.3,澤柳　亮太郎,ソフトバンク,10.7,2026,26,1
2.67,1.18,7.8,7.5,1.4,123.2,45.4,5.1,8.2,602.3,ケイ,DeNA,146.9,2026,31,2
2.88,1.14,0.6,0.6,0.3,8.7,3.1,0.5,0.9,45.8,岩井　俊介,ソフトバンク,11.0,2026,24,2
2.97,1.2,1.0,1.2,0.5,16.4,7.6,1.0,1.3,94.8,川瀬　堅斗,オリックス,22.4,2026,23,2
2.77,1.1,3.2,2.2,0.9,39.3,15.5,1.9,4.2,212.6,福島　蓮,日本ハム,51.6,2026,22,2
3.41,1.34,2.1,2.6,0.9,31.7,12.5,1.6,2.9,167.5,カイケル,ロッテ,40.0,2026,38,1
2.89,1.18,0.4,0.4,0.2,5.6,2.4,0.3,0.6,30.1,松田　啄磨,楽天,7.2,2026,24,2
2.81,1.12,0.3,0.3,0.1,4.0,1.5,0.2,0.3,20.8,京本　眞,巨人,5.0,2026,22,1
2.85,1.15,0.3,0.3,0.1,4.1,1.5,0.2,0.3,20.9,松本　隆之介,DeNA,5.0,2026,23,1
2.93,1.14,1.2,1.4,0.5,19.0,7.0,1.1,1.8,97.1,松木平　優太,中日,23.3,2026,23,2
3.35,1.35,1.6,1.3,0.6,18.5,7.0,0.9,1.8,102.0,石川　歩,ロッテ,24.3,2026,37,1
3.26,1.17,2.0,2.6,1.0,35.5,12.6,1.5,3.5,181.3,西舘　勇陽,巨人,43.3,2026,24,2
2.58,1.14,1.4,1.1,0.5,20.3,9.1,0.8,1.4,99.5,細野　晴希,日本ハム,24.0,2026,24,2
3.21,1.14,3.8,4.1,1.1,66.1,19.6,1.4,6.5,317.6,石田　裕太郎,DeNA,76.6,2026,24,2
3.29,1.23,2.6,2.4,0.9,39.7,18.1,3.1,3.1,249.2,髙島　泰都,オリックス,59.0,2026,26,2
2.52,1.08,1.6,1.7,3.6,26.6,10.6,1.1,1.8,121.9,柳川　大晟,日本ハム,29.4,2026,22,2
3.24,1.25,1.1,1.0,0.4,15.3,5.9,0.6,1.7,76.8,吉野　光樹,DeNA,18.2,2026,27,2
3.38,1.2,5.8,6.5,1.2,72.2,28.7,4.3,8.1,406.4,古謝　樹,楽天,96.5,2026,24,2
2.79,1.15,1.3,1.1,0.5,19.9,6.6,0.8,2.0,103.2,松本　健吾,ヤクルト,25.1,2026,26,2
3.33,1.23,3.1,2.2,1.5,43.4,15.8,3.2,3.8,241.1,中川　颯,DeNA,57.0,2026,27,1
2.81,1.14,0.3,0.3,0.2,4.3,1.7,0.2,0.4,22.8,畔柳　亨丞,日本ハム,5.4,2026,22,2
2.93,1.23,0.3,0.3,0.2,4.6,1.9,0.2,0.4,23.9,柴田　大地,楽天,5.7,2026,28,2
3.31,1.26,1.2,1.5,0.7,21.0,8.9,0.9,2.1,113.4,エスパーダ,ヤクルト,27.0,2026,29,1
2.89,1.14,1.4,1.5,1.3,24.4,8.8,0.8,1.9,119.4,才木　海翔,オリックス,28.9,2026,25,2
3.15,1.21,2.6,2.8,0.8,34.5,15.4,1.0,3.6,175.8,菅井　信也,西武,41.4,2026,22,2
3.29,1.3,1.0,1.0,0.5,16.3,6.2,0.8,1.5,85.0,吉川　雄大,楽天,20.0,2026,29,1
3.34,1.24,0.7,0.7,0.3,10.1,3.9,0.6,1.3,53.6,佐藤　一磨,オリックス,12.6,2026,24,2
2.99,1.18,0.3,0.3,0.2,4.8,1.7,0.2,0.4,24.8,石黒　佑弥,阪神,5.9,2026,24,2
3.69,1.28,0.9,1.2,0.5,15.3,5.5,0.8,1.3,83.3,椋木　蓮,オリックス,19.5,2026,26,2
3.44,1.29,1.4,1.4,0.8,26.6,10.8,1.3,2.3,130.3,ヤン,西武,30.7,2026,29,1
3.53,1.39,0.6,0.5,0.3,9.2,3.6,0.4,0.8,48.1,岩嵜　翔,オリックス,11.3,2026,36,2
3.15,1.2,0.3,0.3,0.2,5.2,2.3,0.3,0.4,28.7,松本　凌人,DeNA,6.8,2026,24,2
3.1,1.19,0.6,0.6,0.3,9.7,3.7,0.4,0.8,50.4,土生　翔太,中日,12.0,2026,25,1
3.28,1.25,0.6,0.7,0.3,9.4,3.9,0.5,0.9,50.8,又木　鉄平,巨人,12.0,2026,27,2
3.11,1.22,0.3,0.3,0.1,4.0,1.5,0.2,0.4,20.9,コルデロ,ロッテ,5.0,2026,28,1
3.64,1.3,1.0,1.4,0.6,17.9,7.0,1.0,2.0,93.4,ハッチ,広島,22.0,2026,31,1
3.27,1.21,0.5,0.5,0.3,8.7,3.5,0.4,0.7,44.7,櫻井　周斗,楽天,10.7,2026,26,1
3.14,1.19,0.1,0.1,0.1,2.1,0.8,0.1,0.2,11.3,石原　勇輝,ヤクルト,2.7,2026,24,2
3.07,1.16,0.6,0.7,0.3,9.8,3.6,0.5,1.0,49.6,糸川　亮太,西武,12.0,2026,27,2
3.21,1.25,0.4,0.4,0.2,7.1,3.1,0.4,0.6,37.1,浜屋　将太,西武,8.8,2026,27,2
3.06,1.18,0.2,0.2,0.1,2.4,0.9,0.1,0.2,12.6,清宮　虎多朗,楽天,3.0,2026,25,1
3.82,1.36,0.5,0.5,0.3,8.1,3.2,0.4,0.8,43.9,二保　旭,ロッテ,10.3,2026,35,1
3.1,1.17,0.2,0.2,0.1,3.2,1.3,0.1,0.3,16.7,小園　健太,DeNA,4.0,2026,22,2
3.06,1.14,0.4,0.4,0.2,6.2,2.1,0.3,0.7,32.0,前田　悠伍,ソフトバンク,7.6,2026,20,2
3.04,1.2,0.1,0.1,0.0,0.8,0.3,0.0,0.1,4.2,中村　亮太,ソフトバンク,1.0,2026,27,1
2.95,1.15,0.1,0.1,0.0,0.8,0.3,0.0,0.1,4.2,村田　賢一,ソフトバンク,1.0,2026,24,1
2.67,1.15,0.7,0.6,0.3,8.8,3.2,0.5,0.7,46.8,早川　太貴,阪神,11.3,2026,26,1
2.66,1.14,0.4,0.3,0.2,5.6,1.9,0.3,0.4,26.5,泰　勝利,楽天,6.3,2026,22,1
2.78,1.15,0.3,0.3,0.2,5.0,1.7,0.2,0.4,24.8,川口　冬弥,ソフトバンク,6.0,2026,26,1
2.86,1.21,0.3,0.3,0.1,4.1,1.6,0.2,0.3,20.9,ウォルターズ,中日,5.0,2026,28,1
2.67,1.12,0.2,0.2,0.1,3.4,1.3,0.2,0.3,18.0,大野　稼頭央,ソフトバンク,4.3,2026,21,1
2.79,1.15,0.2,0.2,0.1,2.4,0.9,0.1,0.2,12.5,椎葉　剛,阪神,3.0,2026,24,1
2.71,1.1,0.1,0.1,0.1,2.1,0.8,0.1,0.2,11.1,茨木　秀俊,阪神,2.7,2026,21,1
2.84,1.17,0.1,0.1,0.1,1.6,0.6,0.1,0.1,8.3,宮﨑　颯,ソフトバンク,2.0,2026,25,1
2.83,1.14,0.1,0.1,0.0,1.1,0.4,0.1,0.1,5.6,林　優樹,楽天,1.3,2026,24,1
2.71,1.09,0.1,0.1,0.0,0.8,0.3,0.0,0.1,4.2,福田　幸之介,中日,1.0,2026,20,1
2.68,1.09,0.1,0.1,0.0,0.8,0.3,0.0,0.1,4.2,山口　廉王,オリックス,1.0,2026,19,1
2.74,1.11,0.1,0.1,0.0,0.8,0.3,0.0,0.1,4.2,坂本　拓己,ヤクルト,1.0,2026,21,1
2.68,1.09,0.1,0.1,0.0,0.8,0.3,0.0,0.1,4.2,坂井　遼,ロッテ,1.0,2026,19,1
2.7,1.2,1.4,1.2,0.7,22.8,8.6,0.8,1.7,110.2,Ｅ．ラミレス,西武,26.7,2026,31,1
2.4,1.07,2.2,2.0,0.9,39.4,13.8,1.7,2.5,173.2,荘司　宏太,ヤクルト,42.7,2026,25,1
2.56,1.08,0.8,0.8,0.4,13.9,4.5,0.5,1.2,66.2,辻　大雅,広島,16.0,2026,21,1
2.36,1.06,5.4,4.1,1.5,90.5,23.9,4.6,4.1,365.5,デュプランティエ,阪神,90.7,2026,31,1
2.61,1.1,2.5,1.8,0.9,29.5,10.8,1.3,2.7,152.2,竹田　祐,DeNA,37.3,2026,26,1
2.7,1.17,2.1,2.9,1.0,46.6,15.6,1.9,3.0,192.7,ウィンゲンター,西武,46.7,2026,31,1
2.8,1.21,1.8,1.6,0.8,26.2,9.5,1.4,2.3,136.2,ネルソン,阪神,32.7,2026,30,1
2.78,1.22,1.1,1.2,0.6,18.4,7.1,1.1,1.6,98.5,颯,DeNA,23.3,2026,27,1
3.12,1.29,1.1,1.1,0.5,15.2,5.5,0.6,1.3,77.3,ドリス,阪神,18.7,2026,38,1
2.92,1.22,1.6,2.2,1.2,25.9,9.9,1.8,2.2,134.0,マルテ,中日,32.3,2026,34,1
2.67,1.09,0.5,0.5,0.3,7.2,2.8,0.3,0.6,37.4,大内　誠弥,楽天,9.0,2026,20,1
2.52,1.14,2.7,2.7,1.3,36.5,14.9,1.6,3.3,199.4,山田　陽翔,西武,47.7,2026,21,1
2.66,1.13,1.5,1.3,0.9,23.1,8.3,1.1,2.1,125.3,片山　楽生,オリックス,30.0,2026,23,1
2.78,1.17,3.3,2.2,1.0,38.4,13.4,1.9,2.8,200.9,ハワード,楽天,48.7,2026,29,1
2.68,1.07,0.2,0.2,0.1,3.2,1.2,0.1,0.3,16.6,菊地　ハルン,広島,4.0,2026,19,1
2.56,1.11,5.5,6.5,1.7,85.3,29.0,3.2,6.0,453.6,伊原　陵人,阪神,110.0,2026,25,1
2.68,1.1,12.7,9.0,2.2,181.5,40.1,7.8,14.6,805.7,伊藤　大海,日本ハム,196.7,2026,28,1
2.91,1.19,1.3,1.1,0.5,16.6,6.5,1.0,1.4,87.9,河村　説人,ロッテ,21.0,2026,28,1
2.66,1.09,3.8,5.6,1.6,78.2,24.3,3.4,7.8,399.5,金丸　夢斗,中日,96.7,2026,23,1
2.86,1.11,1.7,1.5,0.7,23.2,8.4,1.3,2.1,121.4,下川　隼佑,ヤクルト,29.7,2026,26,1
2.8,1.14,1.9,1.9,0.9,34.0,10.5,1.4,2.4,169.4,岡本　駿,広島,40.7,2026,23,1
2.7,1.06,0.6,0.6,0.3,9.7,3.3,0.6,0.8,51.2,柴田　獅子,日本ハム,12.3,2026,19,1
2.92,1.19,0.7,0.7,0.4,11.2,3.8,0.5,0.9,57.2,木下　里都,阪神,13.7,2026,25,1
2.84,1.07,3.4,3.1,1.7,53.3,19.4,2.4,5.6,282.6,木村　優人,ロッテ,68.0,2026,20,1
2.89,1.19,0.8,1.0,0.4,13.6,5.8,0.7,1.0,68.6,工藤　泰成,阪神,16.3,2026,24,1
2.9,1.17,0.1,0.2,0.1,2.1,0.8,0.1,0.2,11.1,戸田　懐生,巨人,2.7,2026,25,1
2.97,1.28,1.6,1.6,0.7,23.9,11.7,1.2,2.0,134.0,江原　雅裕,楽天,31.3,2026,25,1
3.22,1.23,4.8,7.1,1.6,84.0,29.1,3.5,7.1,429.4,マラー,中日,101.7,2026,28,1
3.15,1.23,2.3,2.5,0.9,29.2,11.8,1.3,3.0,158.2,森田　駿哉,巨人,37.7,2026,29,1
2.92,1.17,1.3,1.5,0.6,19.7,8.4,0.8,1.6,104.9,佐藤　柳之介,広島,25.0,2026,23,1
3.01,1.16,1.8,1.8,0.8,27.9,9.5,1.0,2.7,135.1,古林　睿煬,日本ハム,32.3,2026,25,1
3.04,1.21,0.8,0.6,0.3,9.8,4.0,0.5,0.9,51.6,ハートウィグ,阪神,12.3,2026,28,1
2.9,1.12,0.7,0.7,0.4,12.1,4.3,0.5,1.1,60.9,宮原　駿介,巨人,14.7,2026,23,1
3.36,1.31,1.4,1.4,0.7,21.3,9.6,1.0,1.9,111.7,ドミンゲス,広島,26.7,2026,36,1
3.36,1.28,4.8,4.8,1.5,70.9,31.5,4.4,8.6,363.8,サモンズ,ロッテ,85.7,2026,30,1
3.63,1.28,4.9,7.9,1.8,96.6,32.4,5.9,8.4,525.7,ボス,ロッテ,125.0,2026,33,1
3.43,1.21,5.5,5.9,1.5,64.4,26.7,3.5,5.1,343.2,アビラ,ヤクルト,82.3,2026,29,1
3.24,1.25,1.2,1.0,0.6,18.0,6.9,1.0,1.5,92.2,藤浪　晋太郎,DeNA,22.0,2026,31,1
3.17,1.3,0.7,0.9,0.4,12.9,5.3,0.5,1.3,63.9,バウマン,ヤクルト,15.0,2026,30,1
3.59,1.34,4.7,8.6,1.8,99.1,43.1,3.8,9.6,496.3,ランバート,ヤクルト,116.3,2026,28,1
2.93,1.15,0.2,0.2,0.1,3.2,1.2,0.2,0.3,16.6,山田　龍聖,巨人,4.0,2026,25,1
3.08,1.15,1.1,1.4,0.5,17.0,6.0,0.7,1.8,85.1,廣池　康志郎,ロッテ,20.3,2026,23,1
2.96,1.17,0.5,0.5,0.3,7.0,2.8,0.3,0.7,37.7,吉田　聖弥,中日,9.0,2026,23,1
3.09,1.13,0.9,0.7,0.4,11.8,4.2,0.5,1.0,59.1,入山　海斗,オリックス,14.3,2026,25,1
2.95,1.13,0.6,0.8,0.4,10.0,3.9,0.4,1.0,51.7,孫　易磊,日本ハム,12.3,2026,21,1
3.32,1.24,1.9,2.2,0.8,26.9,11.6,1.1,2.4,152.0,寺西　成騎,オリックス,35.7,2026,23,1
2.98,1.18,0.3,0.3,0.2,5.3,2.2,0.2,0.4,28.0,中込　陽翔,楽天,6.7,2026,24,1
3.11,1.21,0.9,1.0,0.4,13.2,5.0,0.9,1.3,69.6,中村　優斗,ヤクルト,16.3,2026,23,1
3.13,1.2,0.6,0.6,0.3,9.0,3.2,0.5,0.7,47.7,権田　琉成,オリックス,11.3,2026,26,1
3.03,1.18,0.6,0.6,0.3,10.5,4.1,0.4,1.2,53.4,黒田　将矢,西武,12.7,2026,22,1
2.96,1.11,0.5,0.5,0.3,7.2,2.9,0.5,0.7,37.8,吉川　悠斗,ロッテ,9.0,2026,21,1
3.83,1.38,1.1,1.3,0.6,15.8,6.1,0.8,1.8,83.0,ゲレーロ,ロッテ,19.7,2026,39,1
3.34,1.26,0.6,0.6,0.3,9.6,3.9,0.4,0.9,52.0,博志,オリックス,12.3,2026,29,1
3.0,1.2,0.2,0.2,0.1,3.3,1.2,0.1,0.3,16.8,松岡　洸希,日本ハム,4.0,2026,25,1
3.07,1.15,0.5,0.5,0.3,8.5,3.7,0.4,0.8,46.3,早坂　響,ロッテ,11.0,2026,20,1
3.18,1.2,0.4,0.4,0.2,6.3,2.3,0.3,0.6,33.5,若松　尚輝,DeNA,8.0,2026,25,1
2.97,1.13,0.3,0.3,0.2,4.7,1.7,0.2,0.4,23.7,斉藤　優汰,広島,5.7,2026,21,1
3.49,1.28,0.4,0.5,0.2,6.4,2.2,0.3,0.6,32.1,岡田　俊哉,中日,7.7,2026,34,1
2.78,1.11,0.1,0.1,0.0,0.8,0.3,0.0,0.1,4.2,武田　陸玖,DeNA,1.0,2026,20,1
2.87,1.15,0.1,0.1,0.0,0.8,0.3,0.0,0.1,4.2,一條　力真,ロッテ,1.0,2026,23,1
3.11,1.16,0.3,0.3,0.2,4.3,1.7,0.2,0.4,22.4,篠木　健太郎,DeNA,5.3,2026,23,1
3.07,1.15,0.4,0.4,0.2,5.8,2.1,0.3,0.5,29.7,篠原　響,西武,7.0,2026,19,1
3.28,1.18,0.5,0.7,0.3,8.2,3.2,0.4,0.7,42.6,東松　快征,オリックス,10.0,2026,20,1
3.13,1.19,0.2,0.2,0.1,2.8,1.0,0.2,0.2,14.1,草加　勝,中日,3.3,2026,24,1
2.94,1.16,0.1,0.1,0.0,1.1,0.4,0.1,0.1,5.6,マルセリーノ,DeNA,1.3,2026,23,1
3.07,1.2,0.1,0.1,0.0,0.8,0.3,0.0,0.1,4.2,岩田　将貴,DeNA,1.0,2026,27,1
3.01,1.18,0.1,0.1,0.0,0.8,0.3,0.0,0.1,4.2,橋本　達弥,DeNA,1.0,2026,25,1
3.01,1.17,0.1,0.1,0.0,0.8,0.3,0.0,0.1,4.2,岩崎　峻典,ソフトバンク,1.0,2026,23,1
3.31,1.24,0.1,0.1,0.0,0.8,0.3,0.0,0.1,4.2,二木　康太,ロッテ,1.0,2026,30,1
3.15,1.19,0.1,0.1,0.0,0.8,0.3,0.0,0.1,4.2,沼田　翔平,ヤクルト,1.0,2026,25,1
